,Entry,PDB,sequence,substrate_smiles,reactant_site,index_smile,mainsub_mol
0,A0A1W6EUV2,,"MSITTTSMPFWKEYPERDNEWVRQYPTKHVAVTEEEVFAPRQMGVYMHIPFCNRLCFSCP
YIKFQTERDLTLSYLDALKAEITNYAGRPYIQDHVITLGYIGGGTPTSLTAQQLDDLLGH
LHSSFTFAPDADFSIETTPIDITERKAKVLLDRGVRRISLGVQTFVEEELKNIGRPSDPE
MLKASIRLLQSAGFENINVDLMHGINGQTMEGWEHSLDVAIELGVTCVSFYTYMEFAQVS
TKRRKLPPVPDRELVDEMFFFAAEKLTQNGFLGYYGDCFAKPGFQPKYGETSWSDDVPII
PLGPTATGHLRDHWYFNEPDLGKYVQIVREGRLPISMGRHIPKDEAIRRSMVLGIKAGRL
NRERFMRLHGVNFLEMFADEIADLVEKGLVTADADGIEVTGPKGWYYLDNISKAFYSPEF
RRYPQHLGADITGFISPQRSLPLEIVNAGPQGGCHDH",C(C5=CC4=C3CCN(C3=C(C(=C4[N]5)OC)O)C(=O)N)(=O)N6C7=C(CC6)C8=C(C(=C7O)OC)[N]C(=C8)C(=O)[N]9C%10=C(C=C9)C%11=C(C(=C%10)O)N=CC%11C,C40:41,[1C:1]([2C:2]1=[3CH:3][4c:4]2[5c:5]3[9c:9]([10c:10]([16OH:16])[11c:11]([14O:14][15CH3:15])[12c:12]2[13N:13]1)[8N:8]([17C:17](=[18O:18])[19NH2:19])[7CH2:7][6CH2:6]3)(=[20O:20])[21N:21]1[22c:22]2[23c:23]([26c:26]3[27c:27]([28c:28]([31O:31][32CH3:32])[29c:29]2[30OH:30])[33N:33][34C:34]([36C:36](=[37O:37])[38n:38]2[39c:39]4[40c:40]([41cH:41][42cH:42]2)[43c:43]2[44c:44]([45c:45]([47OH:47])[46cH:46]4)[48N:48]=[49CH:49][50CH:50]2[51CH3:51])=[35CH:35]3)[24CH2:24][25CH2:25]1,<rdkit.Chem.rdchem.Mol object at 0x000002440C645710>
1,A0A1W6EUU7,,"MTTEAPLLDLAERVPLDRPHGDIEAVRAYDLGMRRSALMAYKRPTERILAAYREGMTDFVDIGFNTGLLS
LHVAGRLPDVAVSGVEEFPHLVDVAEDNLTLGVWANMAGDVEFEQSKLSRLPFPDDSADIVYSFSSLHRW
RRPVETLREAARVCKPDGTVLIEDVNRLAEEGHITFILQFVKEGGDQFMRSLKAAYSLDQARDLLREAGL
DDWHVVEEDLGLVISNRPVTPVSM",C(C3=CC2=C1CCN(C1=C(C(=C2[N]3)OC)O)C(=O)N)(=O)N4C5=C(CC4)C6=C(C(=C5O)OC)[N]C(=C6)C(=O)[N]7C%11=C(C(=C7)C[S](CC[C@@H](CC(=O)O)N)COC[C@@H]8[C@H]([C@H](C([H])(O8)[N]9(C=NC%10=C9N=CN=C%10N)[H])O)O)C%12=C(C(=C%11)O)N=CC%12C,,C(C3=CC2=C1CCN(C1=C(C(=C2[N]3)OC)O)C(=O)N)(=O)N4C5=C(CC4)C6=C(C(=C5O)OC)[N]C(=C6)C(=O)[N]7C%11=C(C(=C7)C[S](CC[C@@H](CC(=O)O)N)COC[C@@H]8[C@H]([C@H](C([H])(O8)[N]9(C=NC%10=C9N=CN=C%10N)[H])O)O)C%12=C(C(=C%11)O)N=CC%12C,NA
2,I1SKW2,,"MTTINPATDPKDPAGIGQLGLGFASAKLLLTALELGVFTTLAGTADSEAEVEELRAALGL
HPRAATDFFDALVALGLLERTSGRYRNSEAAQRYLVRGANYAGGFLEGANFVLYPAWGRL
TQALRSGTPQAEGDFEAMLSDPAAQRVFLTMQDSLSAPLVPYLLGALEWGGWSTLTDVGG
ARGNLAGLLLRAQPHLTGRVFDRPQNAGPCAEHAQTLGVADRLSFTGGDFFADELPEADV
VVIGHVLADFSLEERKLLIEKAYRAVRPGGALLVYDPMPGDKPDLASLVASLHMLVMTPA
GAGYHPGDCGQWMRVAGFTGIAEHELPLGNTLVTGRKPR",OC3=C2C=CC1=CC(=C(C(=O)O)C(=C1C2=C(O)C4=C3C(C5=C(C4=O)C=CC=C5O)=O)O)CC(C)=O,O0:1,[1OH:1][2c:2]1[3c:3]2[4cH:4][5cH:5][6c:6]3[7cH:7][8c:8]([32CH2:32][33C:33]([34CH3:34])=[35O:35])[9c:9]([10C:10](=[11O:11])[12OH:12])[13c:13]([31OH:31])[14c:14]3[15c:15]2[16c:16]([17OH:17])[18c:18]2[19c:19]1[20C:20](=[30O:30])[21c:21]1[22c:22]([25cH:25][26cH:26][27cH:27][28c:28]1[29OH:29])[23C:23]2=[24O:24],<rdkit.Chem.rdchem.Mol object at 0x000002440CC13080>
3,I1SKW7,,"MTADATPHPGAVLAQAMAFQPARLVLTGIEIGLFTALAEQPATEEAIRKRLGLHTRGTDH
FLAALVELGFLELSAGGEFSNSRAAQQFLVPGDEGYLGGFLKIAGQVMYPAWDKLGEALR
TGAPQAATYTGEDMFGELYDSDEKKDGLVGMAEDASRPLIPALTESFGWAKYNSVLELGG
CRGNVLAGLVKAHPHLDACVFDLPQLEGDFTAHMANLGMAGKVRYHGGDFFADALPQADV
LMIGHALVDWNDEQRRQLVKNTFAAVRPGGAFLVWDPVIVDDDESYLRNLIRSLNLQLMT
PHGKGYRFEQCAEWMREAGYAEVTHTSLGHDVTLVVAHKD",O(C4=C3C(=CC2=CC1=C(C(=O)NC(=C1)C)C(=C2C3=C(O)C5=C4OC6=C(C5=O)C=CC(=C6O)Cl)O)O)C,O31:32,[1O:1]([2c:2]1[3c:3]2[4c:4]([35OH:35])[5cH:5][6c:6]3[7cH:7][8c:8]4[9c:9]([10c:10](=[11O:11])[12nH:12][13c:13]([15CH3:15])[14cH:14]4)[16c:16]([34OH:34])[17c:17]3[18c:18]2[19c:19]([20OH:20])[21c:21]2[22c:22]1[23o:23][24c:24]1[25c:25]([26c:26]2=[27O:27])[28cH:28][29cH:29][30c:30]([33Cl:33])[31c:31]1[32OH:32])[36CH3:36],<rdkit.Chem.rdchem.Mol object at 0x000002440CDCFA30>
4,I1SKW9,,"MEGVLRMTQTSPDVSTSAGIIRLSNAFCDAKALLTAVELDLFTTLHNKGASTEEEIRKEL
GLHGRGLSDWLNLLTALGLLERAEGGYRNAKGADTYLVRGERTWVGGFLERSNRNLYPAW
GRLGEALRTGEQQSGSHFDVVVQNPHILKQFVHMMDALTHVVGPELVGKFDWSNSKSVLD
VGGARGNLCSIIVKNQPHLEGHVFDLPPMKPLFDEHVESYGLTGKVHFHGGSFFTDPLPV
KADVVTMGHVLHDWDRQQRGELVAKAFDAVNPGGALIVYDRMLDDEPNHVENLVISLDML
LVTDGGSEYPTSELLEHAQKAGFASTEVKPLSDYDTVVICRKAA",OC3=C2C=CC1=CC(=C(C(=O)O)C(=C1C2=C(O)C4=C3OC5=C(C4=O)C=CC=C5O)O)CC(C)=O,O0:1,[1OH:1][2c:2]1[3c:3]2[4cH:4][5cH:5][6c:6]3[7cH:7][8c:8]([31CH2:31][32C:32]([33CH3:33])=[34O:34])[9c:9]([10C:10](=[11O:11])[12OH:12])[13c:13]([30OH:30])[14c:14]3[15c:15]2[16c:16]([17OH:17])[18c:18]2[19c:19]1[20o:20][21c:21]1[22c:22]([23c:23]2=[24O:24])[25cH:25][26cH:26][27cH:27][28c:28]1[29OH:29],<rdkit.Chem.rdchem.Mol object at 0x000002440CDCF990>
5,Q2MG72,5TYQ;5U0N;5U0T;5U18;5U19;5U1E;5U1I;5U4T,"MIVGGSTIQPERVDAAALRQLGDAMRKVVGSADPTPLADLLSGTPVDPDELTREVGADGR
QALLDSGMAVDDGTTFSSPLRGHQLHGVVVLSDPDVEEEVQHRWYVDPLWEADLLIRLML
RRGGARALDMGCGSGVLSLVLADRYESVLGVDVNPRAVALSRLNAALNGLTNVTFREGDM
FEPAEGRFSRIVFNSPTNEEGNEFVDLLEAGEPILETFFRNVPRKLESGGIVEVNLAMND
YPGDPFRERLADWLGLTENGLRVQIFTSQRRATESGGEWKRGWLVVAPGPVGLTEVEWPY
HDRYEEDPDALLDGTDRLLRG",[C@H](C3OC(OC2C(N)CC(N)C(OC1OCC(O)C(N)C1O)C2O)C(N)C(O)C3O)(C)O,N19:20,[1C@H:1]([2CH:2]1[3O:3][4CH:4]([5O:5][6CH:6]2[7CH:7]([8NH2:8])[9CH2:9][10CH:10]([11NH2:11])[12CH:12]([13O:13][14CH:14]3[15O:15][16CH2:16][17CH:17]([18OH:18])[19CH:19]([20NH2:20])[21CH:21]3[22OH:22])[23CH:23]2[24OH:24])[25CH:25]([26NH2:26])[27CH:27]([28OH:28])[29CH:29]1[30OH:30])([31CH3:31])[32OH:32],<rdkit.Chem.rdchem.Mol object at 0x000002440CDD4580>
6,Q2MG72,5TYQ;5U0N;5U0T;5U18;5U19;5U1E;5U1I;5U4T,"MIVGGSTIQPERVDAAALRQLGDAMRKVVGSADPTPLADLLSGTPVDPDELTREVGADGR
QALLDSGMAVDDGTTFSSPLRGHQLHGVVVLSDPDVEEEVQHRWYVDPLWEADLLIRLML
RRGGARALDMGCGSGVLSLVLADRYESVLGVDVNPRAVALSRLNAALNGLTNVTFREGDM
FEPAEGRFSRIVFNSPTNEEGNEFVDLLEAGEPILETFFRNVPRKLESGGIVEVNLAMND
YPGDPFRERLADWLGLTENGLRVQIFTSQRRATESGGEWKRGWLVVAPGPVGLTEVEWPY
HDRYEEDPDALLDGTDRLLRG",[C@H](C3OC(OC2C(N)CC(N)C(OC1OCC(O)(C(N)C1O)C)C2O)C(N)C(O)C3O)(O)C,N19:20,[1C@H:1]([2CH:2]1[3O:3][4CH:4]([5O:5][6CH:6]2[7CH:7]([8NH2:8])[9CH2:9][10CH:10]([11NH2:11])[12CH:12]([13O:13][14CH:14]3[15O:15][16CH2:16][17C:17]([18OH:18])([23CH3:23])[19CH:19]([20NH2:20])[21CH:21]3[22OH:22])[24CH:24]2[25OH:25])[26CH:26]([27NH2:27])[28CH:28]([29OH:29])[30CH:30]1[31OH:31])([32OH:32])[33CH3:33],<rdkit.Chem.rdchem.Mol object at 0x000002440CDD4620>
7,Q2MG72,5TYQ;5U0N;5U0T;5U18;5U19;5U1E;5U1I;5U4T,"MIVGGSTIQPERVDAAALRQLGDAMRKVVGSADPTPLADLLSGTPVDPDELTREVGADGR
QALLDSGMAVDDGTTFSSPLRGHQLHGVVVLSDPDVEEEVQHRWYVDPLWEADLLIRLML
RRGGARALDMGCGSGVLSLVLADRYESVLGVDVNPRAVALSRLNAALNGLTNVTFREGDM
FEPAEGRFSRIVFNSPTNEEGNEFVDLLEAGEPILETFFRNVPRKLESGGIVEVNLAMND
YPGDPFRERLADWLGLTENGLRVQIFTSQRRATESGGEWKRGWLVVAPGPVGLTEVEWPY
HDRYEEDPDALLDGTDRLLRG",C(C3OC(OC2C(N)CC(N)C(OC1OCC(O)C(N)C1O)C2O)C(N)C(O)C3O)O,N19:20,[1CH2:1]([2CH:2]1[3O:3][4CH:4]([5O:5][6CH:6]2[7CH:7]([8NH2:8])[9CH2:9][10CH:10]([11NH2:11])[12CH:12]([13O:13][14CH:14]3[15O:15][16CH2:16][17CH:17]([18OH:18])[19CH:19]([20NH2:20])[21CH:21]3[22OH:22])[23CH:23]2[24OH:24])[25CH:25]([26NH2:26])[27CH:27]([28OH:28])[29CH:29]1[30OH:30])[31OH:31],<rdkit.Chem.rdchem.Mol object at 0x000002440CDD45D0>
8,Q6QVU0,,"MATLTAYLRDKGMPAVGLDLNADFNEYLLNRVEIEQVQGPENTHEFTKPFIKQFFLNHITGNYFTETNFE
QWDLQQQCQVAPESLSIWDPPFPFSYCEFLSILRDEPERVAKLVRDPDANIYHAFYQEKVAGKASELGLM
GFSIMGYNQVIPALTLGYLMKKENPDLYICWGGPWVTSFADMLIPRLEACPELGELIDALVVREGEEPLL
KMAEALSRGERPVGIPGGCKPMSEQSVLDTKPVGRKLLLAMSQPRENMPNTHWRIEDGTYERSGDISWVA
DMNQLPTPDYSDFDLSLYTTFREGQGSLVLQGSRSCYYMKCSFCNAITNFAPWSYRERSTENIQKDIDTF
LELYPGTVHFDFADAVFPAKRLVELADFFIAKKRPELFWEVDVRFEGNIDKAVLTKMRDSQGTLRFGLET
ANERLLDLVRKGNRMEVVHRLLQDSRELGYKPFLMTIVGLPTEEREEAEELYQFLSDYHDTVTYQIADFI
VERNSPIQLRPDDYGIHIDDDEQESFHHNLHFTRRAGYSDEEAQEVYRDILVRTMQRFKGAHEVDVEQER
SRVAPDDSVYRLSLRAGSFALENYWVKHNNLPFEGLVPIGYKVQQQWTDMTDKGTVFEIDPDIALGALAG
AGSR",C(C3OC(OC2C(N)CC(N)C(OC1OCC(O)C(N)C1O)C2O)C(N)C(O)C3O)O,C16:17,[1CH2:1]([2CH:2]1[3O:3][4CH:4]([5O:5][6CH:6]2[7CH:7]([8NH2:8])[9CH2:9][10CH:10]([11NH2:11])[12CH:12]([13O:13][14CH:14]3[15O:15][16CH2:16][17CH:17]([18OH:18])[19CH:19]([20NH2:20])[21CH:21]3[22OH:22])[23CH:23]2[24OH:24])[25CH:25]([26NH2:26])[27CH:27]([28OH:28])[29CH:29]1[30OH:30])[31OH:31],<rdkit.Chem.rdchem.Mol object at 0x000002440CDD4440>
9,Q6QVU0,,"MATLTAYLRDKGMPAVGLDLNADFNEYLLNRVEIEQVQGPENTHEFTKPFIKQFFLNHITGNYFTETNFE
QWDLQQQCQVAPESLSIWDPPFPFSYCEFLSILRDEPERVAKLVRDPDANIYHAFYQEKVAGKASELGLM
GFSIMGYNQVIPALTLGYLMKKENPDLYICWGGPWVTSFADMLIPRLEACPELGELIDALVVREGEEPLL
KMAEALSRGERPVGIPGGCKPMSEQSVLDTKPVGRKLLLAMSQPRENMPNTHWRIEDGTYERSGDISWVA
DMNQLPTPDYSDFDLSLYTTFREGQGSLVLQGSRSCYYMKCSFCNAITNFAPWSYRERSTENIQKDIDTF
LELYPGTVHFDFADAVFPAKRLVELADFFIAKKRPELFWEVDVRFEGNIDKAVLTKMRDSQGTLRFGLET
ANERLLDLVRKGNRMEVVHRLLQDSRELGYKPFLMTIVGLPTEEREEAEELYQFLSDYHDTVTYQIADFI
VERNSPIQLRPDDYGIHIDDDEQESFHHNLHFTRRAGYSDEEAQEVYRDILVRTMQRFKGAHEVDVEQER
SRVAPDDSVYRLSLRAGSFALENYWVKHNNLPFEGLVPIGYKVQQQWTDMTDKGTVFEIDPDIALGALAG
AGSR",[C@H](C3OC(OC2C(N)CC(N)C(OC1OCC(O)C(N)C1O)C2O)C(N)C(O)C3O)(O)C,C16:17,[1C@H:1]([2CH:2]1[3O:3][4CH:4]([5O:5][6CH:6]2[7CH:7]([8NH2:8])[9CH2:9][10CH:10]([11NH2:11])[12CH:12]([13O:13][14CH:14]3[15O:15][16CH2:16][17CH:17]([18OH:18])[19CH:19]([20NH2:20])[21CH:21]3[22OH:22])[23CH:23]2[24OH:24])[25CH:25]([26NH2:26])[27CH:27]([28OH:28])[29CH:29]1[30OH:30])([31OH:31])[32CH3:32],<rdkit.Chem.rdchem.Mol object at 0x000002440CDD4530>
10,Q6QVU0,,"MATLTAYLRDKGMPAVGLDLNADFNEYLLNRVEIEQVQGPENTHEFTKPFIKQFFLNHITGNYFTETNFE
QWDLQQQCQVAPESLSIWDPPFPFSYCEFLSILRDEPERVAKLVRDPDANIYHAFYQEKVAGKASELGLM
GFSIMGYNQVIPALTLGYLMKKENPDLYICWGGPWVTSFADMLIPRLEACPELGELIDALVVREGEEPLL
KMAEALSRGERPVGIPGGCKPMSEQSVLDTKPVGRKLLLAMSQPRENMPNTHWRIEDGTYERSGDISWVA
DMNQLPTPDYSDFDLSLYTTFREGQGSLVLQGSRSCYYMKCSFCNAITNFAPWSYRERSTENIQKDIDTF
LELYPGTVHFDFADAVFPAKRLVELADFFIAKKRPELFWEVDVRFEGNIDKAVLTKMRDSQGTLRFGLET
ANERLLDLVRKGNRMEVVHRLLQDSRELGYKPFLMTIVGLPTEEREEAEELYQFLSDYHDTVTYQIADFI
VERNSPIQLRPDDYGIHIDDDEQESFHHNLHFTRRAGYSDEEAQEVYRDILVRTMQRFKGAHEVDVEQER
SRVAPDDSVYRLSLRAGSFALENYWVKHNNLPFEGLVPIGYKVQQQWTDMTDKGTVFEIDPDIALGALAG
AGSR",C(C3OC(OC2C(N)CC(N)C(OC1OCC(O)C([N]C)C1O)C2O)C(N)C(O)C3O)O,C16:17,[1CH2:1]([2CH:2]1[3O:3][4CH:4]([5O:5][6CH:6]2[7CH:7]([8NH2:8])[9CH2:9][10CH:10]([11NH2:11])[12CH:12]([13O:13][14CH:14]3[15O:15][16CH2:16][17CH:17]([18OH:18])[19CH:19]([20N:20][21CH3:21])[22CH:22]3[23OH:23])[24CH:24]2[25OH:25])[26CH:26]([27NH2:27])[28CH:28]([29OH:29])[30CH:30]1[31OH:31])[32OH:32],<rdkit.Chem.rdchem.Mol object at 0x000002440CDD4710>
11,Q6QVU0,,"MATLTAYLRDKGMPAVGLDLNADFNEYLLNRVEIEQVQGPENTHEFTKPFIKQFFLNHITGNYFTETNFE
QWDLQQQCQVAPESLSIWDPPFPFSYCEFLSILRDEPERVAKLVRDPDANIYHAFYQEKVAGKASELGLM
GFSIMGYNQVIPALTLGYLMKKENPDLYICWGGPWVTSFADMLIPRLEACPELGELIDALVVREGEEPLL
KMAEALSRGERPVGIPGGCKPMSEQSVLDTKPVGRKLLLAMSQPRENMPNTHWRIEDGTYERSGDISWVA
DMNQLPTPDYSDFDLSLYTTFREGQGSLVLQGSRSCYYMKCSFCNAITNFAPWSYRERSTENIQKDIDTF
LELYPGTVHFDFADAVFPAKRLVELADFFIAKKRPELFWEVDVRFEGNIDKAVLTKMRDSQGTLRFGLET
ANERLLDLVRKGNRMEVVHRLLQDSRELGYKPFLMTIVGLPTEEREEAEELYQFLSDYHDTVTYQIADFI
VERNSPIQLRPDDYGIHIDDDEQESFHHNLHFTRRAGYSDEEAQEVYRDILVRTMQRFKGAHEVDVEQER
SRVAPDDSVYRLSLRAGSFALENYWVKHNNLPFEGLVPIGYKVQQQWTDMTDKGTVFEIDPDIALGALAG
AGSR",[C@H](C3OC(OC2C(N)CC(N)C(OC1OCC(O)C(NC)C1O)C2O)C(N)C(O)C3O)(O)C,C16:17,[1C@H:1]([2CH:2]1[3O:3][4CH:4]([5O:5][6CH:6]2[7CH:7]([8NH2:8])[9CH2:9][10CH:10]([11NH2:11])[12CH:12]([13O:13][14CH:14]3[15O:15][16CH2:16][17CH:17]([18OH:18])[19CH:19]([20NH:20][21CH3:21])[22CH:22]3[23OH:23])[24CH:24]2[25OH:25])[26CH:26]([27NH2:27])[28CH:28]([29OH:29])[30CH:30]1[31OH:31])([32OH:32])[33CH3:33],<rdkit.Chem.rdchem.Mol object at 0x000002440CDD48A0>
12,Q70KE5,,"MNALVAAPSVTEGNQVKVFLVKPPIRGCMVEIGRHVPIGLAYVSSALRAAGHETEIFDSL
AYTEDNHVVPDAELTTIERAKLERHPRWRHIMHWGARTERIEAALAASEADVVGISCMFT
PYYESAYELARMAKRVLPNAKVIVGGQHGTVAFPHVLEVPEVDAVMLGEAEVTTVALLDA
FATGRPLTELLGVAFRCGEGLCECATPGTPHIRPRAPFVADLDSLAPPAADQLDFDRYGN
AVTLITSRGCPFSCSFCTVHATVGKQFRARDPQRVVDEIEHYVNVHGVRRFLVEDDNFTF
DIERVHAICQEIVRRKLDVRLSLPNGMTVVKLTEDLVESMVSAGFDDLFLGLETTDAARL
RKMRKGFTSLDKVSAGVALFEKFGLTASAAIIVGLPDQSLDAIVQDAVNLVLAGVEFWTN
PFYPIYGSPDYQTCLTRGIVDPLTDPALFDQFNFAFANGVLAADELYTAWVGTLAMALWP
KYVLEGAERREQGPVSAAEAGARLVEHSMAQLDPESPEELPATVRAIRESADGLLALGHP
LGCVCVMQHVADADKGAGADQFCRFAGDMIAAAIALYSGQPQVSAQVGAQTAGDAEGCSF
MVRPTGDERIGRIQRRFVELLDENRREAELVTAEAVSH",C(C3OC(OC2C(N)CC(N)C(OC1OCC(O)C(N)C1O)C2O)C(N)C(O)C3O)O,C0:1,[1CH2:1]([2CH:2]1[3O:3][4CH:4]([5O:5][6CH:6]2[7CH:7]([8NH2:8])[9CH2:9][10CH:10]([11NH2:11])[12CH:12]([13O:13][14CH:14]3[15O:15][16CH2:16][17CH:17]([18OH:18])[19CH:19]([20NH2:20])[21CH:21]3[22OH:22])[23CH:23]2[24OH:24])[25CH:25]([26NH2:26])[27CH:27]([28OH:28])[29CH:29]1[30OH:30])[31OH:31],<rdkit.Chem.rdchem.Mol object at 0x000002440CDD48F0>
13,Q70KE5,,"MNALVAAPSVTEGNQVKVFLVKPPIRGCMVEIGRHVPIGLAYVSSALRAAGHETEIFDSL
AYTEDNHVVPDAELTTIERAKLERHPRWRHIMHWGARTERIEAALAASEADVVGISCMFT
PYYESAYELARMAKRVLPNAKVIVGGQHGTVAFPHVLEVPEVDAVMLGEAEVTTVALLDA
FATGRPLTELLGVAFRCGEGLCECATPGTPHIRPRAPFVADLDSLAPPAADQLDFDRYGN
AVTLITSRGCPFSCSFCTVHATVGKQFRARDPQRVVDEIEHYVNVHGVRRFLVEDDNFTF
DIERVHAICQEIVRRKLDVRLSLPNGMTVVKLTEDLVESMVSAGFDDLFLGLETTDAARL
RKMRKGFTSLDKVSAGVALFEKFGLTASAAIIVGLPDQSLDAIVQDAVNLVLAGVEFWTN
PFYPIYGSPDYQTCLTRGIVDPLTDPALFDQFNFAFANGVLAADELYTAWVGTLAMALWP
KYVLEGAERREQGPVSAAEAGARLVEHSMAQLDPESPEELPATVRAIRESADGLLALGHP
LGCVCVMQHVADADKGAGADQFCRFAGDMIAAAIALYSGQPQVSAQVGAQTAGDAEGCSF
MVRPTGDERIGRIQRRFVELLDENRREAELVTAEAVSH",C(C3OC(OC2C(N)CC(N)C(OC1OCC(O)C([N]C)C1O)C2O)C(N)C(O)C3O)O,C0:1,[1CH2:1]([2CH:2]1[3O:3][4CH:4]([5O:5][6CH:6]2[7CH:7]([8NH2:8])[9CH2:9][10CH:10]([11NH2:11])[12CH:12]([13O:13][14CH:14]3[15O:15][16CH2:16][17CH:17]([18OH:18])[19CH:19]([20N:20][21CH3:21])[22CH:22]3[23OH:23])[24CH:24]2[25OH:25])[26CH:26]([27NH2:27])[28CH:28]([29OH:29])[30CH:30]1[31OH:31])[32OH:32],<rdkit.Chem.rdchem.Mol object at 0x000002440CDD4300>
14,Q70KE5,,"MNALVAAPSVTEGNQVKVFLVKPPIRGCMVEIGRHVPIGLAYVSSALRAAGHETEIFDSL
AYTEDNHVVPDAELTTIERAKLERHPRWRHIMHWGARTERIEAALAASEADVVGISCMFT
PYYESAYELARMAKRVLPNAKVIVGGQHGTVAFPHVLEVPEVDAVMLGEAEVTTVALLDA
FATGRPLTELLGVAFRCGEGLCECATPGTPHIRPRAPFVADLDSLAPPAADQLDFDRYGN
AVTLITSRGCPFSCSFCTVHATVGKQFRARDPQRVVDEIEHYVNVHGVRRFLVEDDNFTF
DIERVHAICQEIVRRKLDVRLSLPNGMTVVKLTEDLVESMVSAGFDDLFLGLETTDAARL
RKMRKGFTSLDKVSAGVALFEKFGLTASAAIIVGLPDQSLDAIVQDAVNLVLAGVEFWTN
PFYPIYGSPDYQTCLTRGIVDPLTDPALFDQFNFAFANGVLAADELYTAWVGTLAMALWP
KYVLEGAERREQGPVSAAEAGARLVEHSMAQLDPESPEELPATVRAIRESADGLLALGHP
LGCVCVMQHVADADKGAGADQFCRFAGDMIAAAIALYSGQPQVSAQVGAQTAGDAEGCSF
MVRPTGDERIGRIQRRFVELLDENRREAELVTAEAVSH",C(C3OC(OC2C(N)CC(N)C(OC1OCC(O)(C(NC)C1O)C)C2O)C(N)C(O)C3O)O,C0:1,[1CH2:1]([2CH:2]1[3O:3][4CH:4]([5O:5][6CH:6]2[7CH:7]([8NH2:8])[9CH2:9][10CH:10]([11NH2:11])[12CH:12]([13O:13][14CH:14]3[15O:15][16CH2:16][17C:17]([18OH:18])([24CH3:24])[19CH:19]([20NH:20][21CH3:21])[22CH:22]3[23OH:23])[25CH:25]2[26OH:26])[27CH:27]([28NH2:28])[29CH:29]([30OH:30])[31CH:31]1[32OH:32])[33OH:33],<rdkit.Chem.rdchem.Mol object at 0x000002440CDD4260>
15,A0A2I6RLD1,,"MLSISDLRTDWKIFRQTMRDSTLKEALVDSAEYIRIRRHERRERFDERFGTETNGIVGLA
DIDSIGTHQEEASHYLPTRKQEFDRMMATVGELDHGEHVFVDLGCGKGRVVLLAAEKPYK
KVIGVDFSPSFISQAKENVERYTGPVATHEIELLAIDAVDFVVPPENLIVYLFSPFGPPV
FDTVMRNLVAATKKRKQKITIVYYSPDYDDVVREAGFTLVAQGKGDHWPWSVYSVGESA",C(C3OC(OC2C(N)CC(N)C(OC1OCC(O)(C(NC)C1O)C)C2O)C(N)CC3)N,N30:31,[1CH2:1]([2CH:2]1[3O:3][4CH:4]([5O:5][6CH:6]2[7CH:7]([8NH2:8])[9CH2:9][10CH:10]([11NH2:11])[12CH:12]([13O:13][14CH:14]3[15O:15][16CH2:16][17C:17]([18OH:18])([24CH3:24])[19CH:19]([20NH:20][21CH3:21])[22CH:22]3[23OH:23])[25CH:25]2[26OH:26])[27CH:27]([28NH2:28])[29CH2:29][30CH2:30]1)[31NH2:31],<rdkit.Chem.rdchem.Mol object at 0x000002440CDD4990>
16,A0A2I6RLD1,,"MLSISDLRTDWKIFRQTMRDSTLKEALVDSAEYIRIRRHERRERFDERFGTETNGIVGLA
DIDSIGTHQEEASHYLPTRKQEFDRMMATVGELDHGEHVFVDLGCGKGRVVLLAAEKPYK
KVIGVDFSPSFISQAKENVERYTGPVATHEIELLAIDAVDFVVPPENLIVYLFSPFGPPV
FDTVMRNLVAATKKRKQKITIVYYSPDYDDVVREAGFTLVAQGKGDHWPWSVYSVGESA",C(C3OC(OC2C(N)CC(N)C(OC1OCC(O)(C(NC)C1O)C)C2O)C(N)CC3)(N)C,N30:31,[1CH:1]([2CH:2]1[3O:3][4CH:4]([5O:5][6CH:6]2[7CH:7]([8NH2:8])[9CH2:9][10CH:10]([11NH2:11])[12CH:12]([13O:13][14CH:14]3[15O:15][16CH2:16][17C:17]([18OH:18])([24CH3:24])[19CH:19]([20NH:20][21CH3:21])[22CH:22]3[23OH:23])[25CH:25]2[26OH:26])[27CH:27]([28NH2:28])[29CH2:29][30CH2:30]1)([31NH2:31])[32CH3:32],<rdkit.Chem.rdchem.Mol object at 0x000002440CDD4940>
17,Q55813,3CBG,MGKGITGFDPSLYSYLQSISADDSFYLAQLRRETAHLPGAPMQISPEQAQFLGLLISLTGAKQVLEIGVFRGYSALAMALQLPPDGQIIACDQDPNATAIAKKYWQKAGVAEKISLRLGPALATLEQLTQGKPLPEFDLIFIDADKRNYPRYYEIGLNLLRRGGLMVIDNVLWHGKVTEVDPQEAQTQVLQQFNRDLAQDERVRISVIPLGDGMTLALKK,C1=C(C=C(C(=C1O)O)O)C=CC(=O)O,O6:7;O7:8;O8:9,[1cH:1]1[2c:2]([10CH:10]=[11CH:11][12C:12](=[13O:13])[14OH:14])[3cH:3][4c:4]([9OH:9])[5c:5]([8OH:8])[6c:6]1[7OH:7],<rdkit.Chem.rdchem.Mol object at 0x000002440CDD4A80>
18,Q739U3,3DUL,MSMIETWTAVDQYVSDVLIPKDSTLEEVLQVNAAANLPAHDVSPTQGKFLQLLVQIQGARNILEIGTLGGYSTIWLARGLSSGGRVVTLEASEKHADIARSNIERANLNDRVEVRTGLALDSLQQIENEKYEPFDFIFIDADKQNNPAYFEWALKLSRPGTVIIGDNVVREGEVIDNTSNDPRVQGIRRFYELIAAEPRVSATALQTVGSKGYDGFIMAVVKE,C1=CC=C(C=C1)C2=CC(=O)C3=CC(=C(C=C3O2)O)O,O18:19,[1cH:1]1[2cH:2][3cH:3][4c:4](-[7c:7]2[8cH:8][9c:9](=[10O:10])[11c:11]3[12cH:12][13c:13]([19OH:19])[14c:14]([18OH:18])[15cH:15][16c:16]3[17o:17]2)[5cH:5][6cH:6]1,<rdkit.Chem.rdchem.Mol object at 0x000002440CDD4AD0>
19,D7PC21,3OU2,MTTSHGLIESQLSYYRARASEYDATFVPYMDSAAPAALERLRAGNIRGDVLELASGTGYWTRHLSGLADRVTALDGSAEMIAEAGRHGLDNVEFRQQDLFDWTPDRQWDAVFFAHWLAHVPDDRFEAFWESVRSAVAPGGVVEFVDVTDHERRLEQQDDSEPEVAVRRTLQDGRSFRIVKVFRSPAELTERLTALGWSCSVDEVHPGFLYATCRPGPR,CC1=C(C(C2=C(C1=O)N3C(C2COC(=O)N)(C4C(C3)N4)OC)=O)O,O23:24,[1CH3:1][2C:2]1=[3C:3]([24OH:24])[4C:4](=[23O:23])[5C:5]2=[6C:6]([7C:7]1=[8O:8])[9N:9]1[10C:10]([21O:21][22CH3:22])([11CH:11]2[12CH2:12][13O:13][14C:14](=[15O:15])[16NH2:16])[17CH:17]2[18CH:18]([19CH2:19]1)[20NH:20]2,<rdkit.Chem.rdchem.Mol object at 0x000002440CDD4C60>
20,D7PC21,3OU2,MTTSHGLIESQLSYYRARASEYDATFVPYMDSAAPAALERLRAGNIRGDVLELASGTGYWTRHLSGLADRVTALDGSAEMIAEAGRHGLDNVEFRQQDLFDWTPDRQWDAVFFAHWLAHVPDDRFEAFWESVRSAVAPGGVVEFVDVTDHERRLEQQDDSEPEVAVRRTLQDGRSFRIVKVFRSPAELTERLTALGWSCSVDEVHPGFLYATCRPGPR,CC1=C(C(C2=C(C1=O)N3C(C2COC(=O)N)(C4C(C3)N4)OC)=O)O,O23:24,[1CH3:1][2C:2]1=[3C:3]([24OH:24])[4C:4](=[23O:23])[5C:5]2=[6C:6]([7C:7]1=[8O:8])[9N:9]1[10C:10]([21O:21][22CH3:22])([11CH:11]2[12CH2:12][13O:13][14C:14](=[15O:15])[16NH2:16])[17CH:17]2[18CH:18]([19CH2:19]1)[20NH:20]2,<rdkit.Chem.rdchem.Mol object at 0x000002440CDD42B0>
21,Q8KNE5,3LST,MQRQRPPSRAGGDMDRLQSALALYEEAMGYTYAAALRAAAAVGVADHLVDGPRTPAELAAATGTDADALRRVLRLLAVRDVVRESDGRFALTDKGAALRSDSPVPARAGILMFTDTMFWTMSHRVASALGPERPAFADIFGSSLDAYFDGDAEVEALYYEGMETVSAAEHLILARAGDFPATGTVADVGGGRGGFLLTVLREHPGLQGVLLDRAEVVARHRLDAPDVAGRWKVVEGDFLREVPHADVHVLKRILHNWGDEDSVRILTNCRRVMPAHGRVLVIDAVVPEGNDAHQSKEMDFMMLAARTGQERTAAELEPLFTAAGLRLDRVVGTSSVMSIAVGVPA,C1(=C(C(=C(C(=C1C(=O)[?])OC)O)O)I)C,,C1(=C(C(=C(C(=C1C(=O)[?])OC)O)O)I)C,NA
22,O52805,3G2M,MSNQLERGPVRTPHADVLLASVGERGVLCDFYDEGAADTYRDLIQDADGTSEAREFATRTGPVSGPVLELAAGMGRLTFPFLDLGWEVTALELSTSVLAAFRKRLAEAPADVRDRCTLVQGDMSAFALDKRFGTVVISSGSINELDEADRRGLYASVREHLEPGGKFLLSLAMSEAAESEPLERKQELPGRSGRRYVLHVRHLPAEEIQEITIHPADETTDPFVVCTHRRRLLAPDQVVRELVRSGFDVIAQTPFASGGAGRKDMVLVEAVMPGATADAR,CCC(=O)[C@@H]1NC(=O)[C@H](CC(N)=O)NC(=O)C(NC(=O)[C@@H](N)CC(C)C)[C@H](O)c3ccc(Oc2cc1cc(CC)c2O)c(Cl)c3,N21:22,[1CH3:1][2CH2:2][3C:3](=[4O:4])[5C@@H:5]1[6NH:6][7C:7](=[8O:8])[9C@H:9]([10CH2:10][11C:11]([12NH2:12])=[13O:13])[14NH:14][15C:15](=[16O:16])[17CH:17]([18NH:18][19C:19](=[20O:20])[21C@@H:21]([22NH2:22])[23CH2:23][24CH:24]([25CH3:25])[26CH3:26])[27C@H:27]([28OH:28])[29c:29]2[30cH:30][31cH:31][32c:32]([43c:43]([44Cl:44])[45cH:45]2)[33O:33][34c:34]2[35cH:35][36c:36]1[37cH:37][38c:38]([39CH2:39][40CH3:40])[41c:41]2[42OH:42],<rdkit.Chem.rdchem.Mol object at 0x000002440CDCF710>
23,Q9AQ22,3OFJ,MSVDNTYQSLERELANDDPWRLDDNPFERERHTQLLRLSLSSGAVSNGLEIGCAAGAFTEKLAPHCKRLTVIDVMPRAIGRACQRTKRWSHISWAATDILQFSTAELFDLIVVAEVLYYLEDMTQMRTAIDNMVKMLAPGGHLVFGSARDATCRRWGHVAGAETVITILTEALTEVERVQCQGQSADEDCLLARFRNPERSSIRPDGRA,CC(=O)NC5C(O)OC(CO)C(OC4OC(CO)C(OC3OC(CO)C(OC2OC(CO)C(OC1OC(CO)C(O)C(O)C1N)C(O)C2NC(C)=O)C(O)C3NC(C)=O)C(O)C4NC(C)=O)C5O,N21:45,[1CH3:1][2C:2](=[3O:3])[4NH:4][5CH:5]1[6CH:6]([7OH:7])[8O:8][9CH:9]([10CH2:10][11OH:11])[12CH:12]([13O:13][14CH:14]2[15O:15][16CH:16]([17CH2:17][18OH:18])[19CH:19]([20O:20][21CH:21]3[22O:22][23CH:23]([24CH2:24][25OH:25])[26CH:26]([27O:27][28CH:28]4[29O:29][30CH:30]([31CH2:31][32OH:32])[33CH:33]([34O:34][35CH:35]5[36O:36][37CH:37]([38CH2:38][39OH:39])[40CH:40]([41OH:41])[42CH:42]([43OH:43])[44CH:44]5[45NH2:45])[46CH:46]([47OH:47])[48CH:48]4[49NH:49][50C:50]([51CH3:51])=[52O:52])[53CH:53]([54OH:54])[55CH:55]3[56NH:56][57C:57]([58CH3:58])=[59O:59])[60CH:60]([61OH:61])[62CH:62]2[63NH:63][64C:64]([65CH3:65])=[66O:66])[67CH:67]1[68OH:68],<rdkit.Chem.rdchem.Mol object at 0x000002440CDD4C10>
24,O27402,2QBU,MHGKLIGVGVGPGDSELLTLRAVNVLRSVPVICAPRSSSERESIALSIVEDILTERRDGCRILDPVFPMTDDRDELESHWDSAARMVAAELEDGRDVAFITLGDPSIYSTFSYLQQRIEDMGFKTEMVPGVTSFTACAATAGRTLVEGDEILLVVPRVDDRFERVLRDVDACVIMKTSRHGRRAMEVVESDPRGKDVVSVANCSMDDEVVERGFASGGGYLATTLVRFREQS,C1CC2=NC1=CC3=CC=C(N3)C=C4C=CC(=N4)C=C5C=CC(=C2)N5,,[1CH2:1]1[2CH2:2][3c:3]2[4n:4][5c:5]1[6cH:6][7c:7]1[8cH:8][9cH:9][10c:10]([11nH:11]1)[12cH:12][13c:13]1[17n:17][16c:16]([18cH:18][19c:19]3[20cH:20][21cH:21][22c:22]([23cH:23]2)[24nH:24]3)[15CH:15]=[14CH:14]1,<rdkit.Chem.rdchem.Mol object at 0x000002440CDD49E0>
25,Q8KFD9,2E0K,MNNQGSIISVSLGPGDPGLITVKALSQLREADVIYYPGTVSASGAVTSVALDILKEFDLDPSKLRGMLVPMSRSRGAAEASYAANYASMAEEVQAGRRVAVVSVGDGGFYSTASAIIERARRDGLDCSMTPGIPAFIAAGSAAGMPLALQSDSVLVLAQIDEIGELERALVTHSTVVVMKLSTVRDELVSFLERYAKPFLYAEKVGMAGEFITMEVDALRSRAIPYFSLLVCSPHCRQSTLSPFAS,C1CC2=NC1=CC3=CC=C(N3)C=C4C=CC(=N4)C=C5C=CC(=C2)N5,C5:6,[1CH2:1]1[2CH2:2][3c:3]2[4n:4][5c:5]1[6cH:6][7c:7]1[8cH:8][9cH:9][10c:10]([11nH:11]1)[12cH:12][13c:13]1[17n:17][16c:16]([18cH:18][19c:19]3[20cH:20][21cH:21][22c:22]([23cH:23]2)[24nH:24]3)[15CH:15]=[14CH:14]1,<rdkit.Chem.rdchem.Mol object at 0x000002440CDD4A30>
26,B5L6K6,3NDI,MSHLADVSPPTACRVCGGGVQEFLDLGRQPLSDRFRKPDELDDEFTYRLAVGRCDSCEMVQLTEEVPRDLMFHEVYPYHSSGSSVMREHFAMLARDFLATELTGPDPFIVEIGCNDGIMLRTIQEAGVRHLGFEPSSGVAAKAREKGIRVRTDFFEKATADDVRRTEGPANVIYAANTLCHIPYVQSVLEGVDALLAPDGVFVFEDPYLGDIVAKTSFDQIYDEHFFLFSATSVQGMAQRCGFELVDVQRLPVHGGEVRYTLARQGSRTPSAAVAQLLAAEREQELSDMATLRAFAGNVVKIRDELTALLHRLRAEGRSVVGYGATAKSATVTNFCGIGPDLVHSVYDTTPDKQNRLTPGAHIPVRPASAFSDPYPDYALLFAWNHAEEIMAKEQEFHQAGGRWILYVPEVHIR,CC1C(=O)C(CC(O1)OP(=O)(O)OP(=O)(O)OCC2C(CC(O2)N3C=C(C(=O)NC3=O)C)O)N,C4:5,[1CH3:1][2CH:2]1[3C:3](=[4O:4])[5CH:5]([34NH2:34])[6CH2:6][7CH:7]([9O:9][10P:10](=[11O:11])([12OH:12])[13O:13][14P:14](=[15O:15])([16OH:16])[17O:17][18CH2:18][19CH:19]2[20CH:20]([33OH:33])[21CH2:21][22CH:22]([24n:24]3[25cH:25][26c:26]([32CH3:32])[27c:27](=[28O:28])[29nH:29][30c:30]3=[31O:31])[23O:23]2)[8O:8]1,<rdkit.Chem.rdchem.Mol object at 0x000002440CDD4EE0>
27,P95417,2YBO,MNTTVIPPSLLDVDFPAGSVALVGAGPGDPGLLTLRAWALLQQAEVVVYDRLVARELIALLPESCQRIYVGKRCGHHSLPQEEINELLVRLARQQRRVVRLKGGDPFIFGRGAEELERLLEAGVDCQVVPGVTAASGCSTYAGIPLTHRDLAQSCTFVTGHLQNDGRLDLDWAGLARGKQTLVFYMGLGNLAEIAARLVEHGLASDTPAALVSQGTQAGQQVTRGALAELPALARRYQLKPPTLIVVGQVVALFAERAMAHPSYLGAGSPVSREAVACA,C1CC2=NC1=CC3=CC=C(N3)C=C4C=CC(=N4)C=C5C=CC(=C2)N5,C7:8,[1CH2:1]1[2CH2:2][3c:3]2[4n:4][5c:5]1[6cH:6][7c:7]1[8cH:8][9cH:9][10c:10]([11nH:11]1)[12cH:12][13c:13]1[17n:17][16c:16]([18cH:18][19c:19]3[20cH:20][21cH:21][22c:22]([23cH:23]2)[24nH:24]3)[15CH:15]=[14CH:14]1,<rdkit.Chem.rdchem.Mol object at 0x000002440CDD4F80>
28,P95417,2YBO,MNTTVIPPSLLDVDFPAGSVALVGAGPGDPGLLTLRAWALLQQAEVVVYDRLVARELIALLPESCQRIYVGKRCGHHSLPQEEINELLVRLARQQRRVVRLKGGDPFIFGRGAEELERLLEAGVDCQVVPGVTAASGCSTYAGIPLTHRDLAQSCTFVTGHLQNDGRLDLDWAGLARGKQTLVFYMGLGNLAEIAARLVEHGLASDTPAALVSQGTQAGQQVTRGALAELPALARRYQLKPPTLIVVGQVVALFAERAMAHPSYLGAGSPVSREAVACA,C1CC2=NC1=CC3=CC=C(N3)C=C4C=CC(=N4)C=C5C=CC(=C2)N5,C13:14,[1CH2:1]1[2CH2:2][3c:3]2[4n:4][5c:5]1[6cH:6][7c:7]1[8cH:8][9cH:9][10c:10]([11nH:11]1)[12cH:12][13c:13]1[17n:17][16c:16]([18cH:18][19c:19]3[20cH:20][21cH:21][22c:22]([23cH:23]2)[24nH:24]3)[15CH:15]=[14CH:14]1,<rdkit.Chem.rdchem.Mol object at 0x000002440CDD4BC0>
29,Q6YI95,3C3Y,MDFAVMKQVKNTGLLQSEELCQYILRTSVYPREAGFLKELREANESHPDSYMSTSPLAGQLMSFVLKLVNAKKTIEVGVFTGYSLLLTALSIPDDGKITAIDFDREAYEIGLPFIRKAGVEHKINFIESDAMLALDNLLQGQESEGSYDFGFVDADKPNYIKYHERLMKLVKVGGIVAYDNTLWGGTVAQPESEVPDFMKENREAVIELNKLLAADPRIEIVHLPLGDGITFCRRLY,C1=CC(=C(C=C1C2=C(C(=O)C3=C(O2)C=C(C(=C3O)O)O)O)O)O,O21:22,[1cH:1]1[2cH:2][3c:3]([23OH:23])[4c:4]([22OH:22])[5cH:5][6c:6]1-[7c:7]1[8c:8]([21OH:21])[9c:9](=[10O:10])[11c:11]2[12c:12]([13o:13]1)[14cH:14][15c:15]([20OH:20])[16c:16]([19OH:19])[17c:17]2[18OH:18],<rdkit.Chem.rdchem.Mol object at 0x000002440CDD4760>
30,Q6YI95,3C3Y,MDFAVMKQVKNTGLLQSEELCQYILRTSVYPREAGFLKELREANESHPDSYMSTSPLAGQLMSFVLKLVNAKKTIEVGVFTGYSLLLTALSIPDDGKITAIDFDREAYEIGLPFIRKAGVEHKINFIESDAMLALDNLLQGQESEGSYDFGFVDADKPNYIKYHERLMKLVKVGGIVAYDNTLWGGTVAQPESEVPDFMKENREAVIELNKLLAADPRIEIVHLPLGDGITFCRRLY,C1=CC(=C(C=C1C2=C(C(=O)C3=C(O2)C=C(C(=C3O)O)O)O)O)O,O18:19,[1cH:1]1[2cH:2][3c:3]([23OH:23])[4c:4]([22OH:22])[5cH:5][6c:6]1-[7c:7]1[8c:8]([21OH:21])[9c:9](=[10O:10])[11c:11]2[12c:12]([13o:13]1)[14cH:14][15c:15]([20OH:20])[16c:16]([19OH:19])[17c:17]2[18OH:18],<rdkit.Chem.rdchem.Mol object at 0x000002440CDCF9E0>
31,Q9ZTU2,3P9C,MGSTAADMAASADEDACMFALQLASSSVLPMTLKNAIELGLLEILVAAGGKSLTPTEVAAKLPSAANPEAPDMVDRILRLLASYNVVTCLVEEGKDGRLSRSYGAAPVCKFLTPNEDGVSMAALALMNQDKVLMESWYYLKDAVLDGGIPFNKAYGMSAFEYHGTDPRFNRVFNEGMKNHSIIITKKLLELYHGFEGLGTLVDVGGGVGATVAAIAAHYPTIKGVNFDLPHVISEAPQFPGVTHVGGDMFKEVPSGDTILMKWILHDWSDQHCATLLKNCYDALPAHGKVVLVQCILPVNPEANPSSQGVFHVDMIMLAHNPGGRERYEREFQALARGAGFTGVKSTYIYANAWAIEFTK,C1=CC(=C(C=C1C=CC(=O)O)O)O,O12:13,[1cH:1]1[2cH:2][3c:3]([13OH:13])[4c:4]([12OH:12])[5cH:5][6c:6]1[7CH:7]=[8CH:8][9C:9](=[10O:10])[11OH:11],<rdkit.Chem.rdchem.Mol object at 0x000002440CDD4E90>
32,Q9ZTU2,3P9C,MGSTAADMAASADEDACMFALQLASSSVLPMTLKNAIELGLLEILVAAGGKSLTPTEVAAKLPSAANPEAPDMVDRILRLLASYNVVTCLVEEGKDGRLSRSYGAAPVCKFLTPNEDGVSMAALALMNQDKVLMESWYYLKDAVLDGGIPFNKAYGMSAFEYHGTDPRFNRVFNEGMKNHSIIITKKLLELYHGFEGLGTLVDVGGGVGATVAAIAAHYPTIKGVNFDLPHVISEAPQFPGVTHVGGDMFKEVPSGDTILMKWILHDWSDQHCATLLKNCYDALPAHGKVVLVQCILPVNPEANPSSQGVFHVDMIMLAHNPGGRERYEREFQALARGAGFTGVKSTYIYANAWAIEFTK,C1=CC(=C(C=C1C=CC=O)O)O,O11:12,[1cH:1]1[2cH:2][3c:3]([12OH:12])[4c:4]([11OH:11])[5cH:5][6c:6]1[7CH:7]=[8CH:8][9CH:9]=[10O:10],<rdkit.Chem.rdchem.Mol object at 0x000002440CDCF940>
33,Q9ZTU2,3P9C,MGSTAADMAASADEDACMFALQLASSSVLPMTLKNAIELGLLEILVAAGGKSLTPTEVAAKLPSAANPEAPDMVDRILRLLASYNVVTCLVEEGKDGRLSRSYGAAPVCKFLTPNEDGVSMAALALMNQDKVLMESWYYLKDAVLDGGIPFNKAYGMSAFEYHGTDPRFNRVFNEGMKNHSIIITKKLLELYHGFEGLGTLVDVGGGVGATVAAIAAHYPTIKGVNFDLPHVISEAPQFPGVTHVGGDMFKEVPSGDTILMKWILHDWSDQHCATLLKNCYDALPAHGKVVLVQCILPVNPEANPSSQGVFHVDMIMLAHNPGGRERYEREFQALARGAGFTGVKSTYIYANAWAIEFTK,C1=CC(=C(C=C1C=CCO)O)O,O11:12,[1cH:1]1[2cH:2][3c:3]([12OH:12])[4c:4]([11OH:11])[5cH:5][6c:6]1[7CH:7]=[8CH:8][9CH2:9][10OH:10],<rdkit.Chem.rdchem.Mol object at 0x000002440CDDD260>
34,Q9ZTU2,3P9C,MGSTAADMAASADEDACMFALQLASSSVLPMTLKNAIELGLLEILVAAGGKSLTPTEVAAKLPSAANPEAPDMVDRILRLLASYNVVTCLVEEGKDGRLSRSYGAAPVCKFLTPNEDGVSMAALALMNQDKVLMESWYYLKDAVLDGGIPFNKAYGMSAFEYHGTDPRFNRVFNEGMKNHSIIITKKLLELYHGFEGLGTLVDVGGGVGATVAAIAAHYPTIKGVNFDLPHVISEAPQFPGVTHVGGDMFKEVPSGDTILMKWILHDWSDQHCATLLKNCYDALPAHGKVVLVQCILPVNPEANPSSQGVFHVDMIMLAHNPGGRERYEREFQALARGAGFTGVKSTYIYANAWAIEFTK,COC1=CC(=CC(=C1O)O)C=CCO,O9:10,[1CH3:1][2O:2][3c:3]1[4cH:4][5c:5]([11CH:11]=[12CH:12][13CH2:13][14OH:14])[6cH:6][7c:7]([10OH:10])[8c:8]1[9OH:9],<rdkit.Chem.rdchem.Mol object at 0x000002440CDDD1C0>
35,Q9ZTU2,3P9C,MGSTAADMAASADEDACMFALQLASSSVLPMTLKNAIELGLLEILVAAGGKSLTPTEVAAKLPSAANPEAPDMVDRILRLLASYNVVTCLVEEGKDGRLSRSYGAAPVCKFLTPNEDGVSMAALALMNQDKVLMESWYYLKDAVLDGGIPFNKAYGMSAFEYHGTDPRFNRVFNEGMKNHSIIITKKLLELYHGFEGLGTLVDVGGGVGATVAAIAAHYPTIKGVNFDLPHVISEAPQFPGVTHVGGDMFKEVPSGDTILMKWILHDWSDQHCATLLKNCYDALPAHGKVVLVQCILPVNPEANPSSQGVFHVDMIMLAHNPGGRERYEREFQALARGAGFTGVKSTYIYANAWAIEFTK,COC1=CC(=CC(=C1O)O)C=CC=O,O9:10,[1CH3:1][2O:2][3c:3]1[4cH:4][5c:5]([11CH:11]=[12CH:12][13CH:13]=[14O:14])[6cH:6][7c:7]([10OH:10])[8c:8]1[9OH:9],<rdkit.Chem.rdchem.Mol object at 0x000002440CDDD2B0>
36,Q9ZTU2,3P9C,MGSTAADMAASADEDACMFALQLASSSVLPMTLKNAIELGLLEILVAAGGKSLTPTEVAAKLPSAANPEAPDMVDRILRLLASYNVVTCLVEEGKDGRLSRSYGAAPVCKFLTPNEDGVSMAALALMNQDKVLMESWYYLKDAVLDGGIPFNKAYGMSAFEYHGTDPRFNRVFNEGMKNHSIIITKKLLELYHGFEGLGTLVDVGGGVGATVAAIAAHYPTIKGVNFDLPHVISEAPQFPGVTHVGGDMFKEVPSGDTILMKWILHDWSDQHCATLLKNCYDALPAHGKVVLVQCILPVNPEANPSSQGVFHVDMIMLAHNPGGRERYEREFQALARGAGFTGVKSTYIYANAWAIEFTK,COC1=CC(=CC(=C1[O-])O)C=CC(=O)O,O9:10,[1CH3:1][2O:2][3c:3]1[4cH:4][5c:5]([11CH:11]=[12CH:12][13C:13](=[14O:14])[15OH:15])[6cH:6][7c:7]([10OH:10])[8c:8]1[9O-:9],<rdkit.Chem.rdchem.Mol object at 0x000002440CDDD300>
37,Q6T755,3UJ6,MTLIENLNSDKTFLENNQYTDEGVKVYEFIFGENYISSGGLEATKKILSDIELNENSKVLDIGSGLGGGCMYINEKYGAHTHGIDICSNIVNMANERVSGNNKIIFEANDILTKEFPENNFDLIYSRDAILHLSLENKNKLFQKCYKWLKPTGTLLITDYCATEKENWDDEFKEYVKQRKYTLITVEEYADILTACNFKNVVSKDLSDYWNQLLEVEHKYLHENKEEFLKLFSEKKFISLDDGWSRKIKDSKRKMQRWGYFKATKN,C(COP(=O)(O)O)N,N7:8,[1CH2:1]([2CH2:2][3O:3][4P:4](=[5O:5])([6OH:6])[7OH:7])[8NH2:8],<rdkit.Chem.rdchem.Mol object at 0x000002440CDDD440>
