Entry	Reviewed	Entry Name	Rhea ID	Sequence	EC number	PDB
O95050	reviewed	INMT_HUMAN	RHEA:53928 RHEA:53924 RHEA:23136 RHEA:19613	MKGGFTGGDEYQKHFLPRDYLATYYSFDGSPSPEAEMLKFNLECLHKTFGPGGLQGDTLIDIGSGPTIYQVLAACDSFQDITLSDFTDRNREELEKWLKKEPGAYDWTPAVKFACELEGNSGRWEEKEEKLRAAVKRVLKCDVHLGNPLAPAVLPLADCVLTLLAMECACCSLDAYRAALCNLASLLKPGGHLVTTVTLRLPSYMVGKREFSCVALEKEEVEQAVLDAGFDIEQLLHSPQSYSVTNAANNGVCFIVARKKPGP	2.1.1.49; 2.1.1.96	2A14;
Q03164	reviewed	KMT2A_HUMAN	RHEA:60264 RHEA-COMP:15543 RHEA-COMP:15547 RHEA:60268 RHEA-COMP:15540 RHEA-COMP:15543 RHEA:66544 RHEA-COMP:10131 RHEA-COMP:10132	MAHSCRWRFPARPGTTGGGGGGGRRGLGGAPRQRVPALLLPPGPPVGGGGPGAPPSPPAVAAAAAAAGSSGAGVPGGAAAASAASSSSASSSSSSSSSASSGPALLRVGPGFDAALQVSAAIGTNLRRFRAVFGESGGGGGSGEDEQFLGFGSDEEVRVRSPTRSPSVKTSPRKPRGRPRSGSDRNSAILSDPSVFSPLNKSETKSGDKIKKKDSKSIEKKRGRPPTFPGVKIKITHGKDISELPKGNKEDSLKKIKRTPSATFQQATKIKKLRAGKLSPLKSKFKTGKLQIGRKGVQIVRRRGRPPSTERIKTPSGLLINSELEKPQKVRKDKEGTPPLTKEDKTVVRQSPRRIKPVRIIPSSKRTDATIAKQLLQRAKKGAQKKIEKEAAQLQGRKVKTQVKNIRQFIMPVVSAISSRIIKTPRRFIEDEDYDPPIKIARLESTPNSRFSAPSCGSSEKSSAASQHSSQMSSDSSRSSSPSVDTSTDSQASEEIQVLPEERSDTPEVHPPLPISQSPENESNDRRSRRYSVSERSFGSRTTKKLSTLQSAPQQQTSSSPPPPLLTPPPPLQPASSISDHTPWLMPPTIPLASPFLPASTAPMQGKRKSILREPTFRWTSLKHSRSEPQYFSSAKYAKEGLIRKPIFDNFRPPPLTPEDVGFASGFSASGTAASARLFSPLHSGTRFDMHKRSPLLRAPRFTPSEAHSRIFESVTLPSNRTSAGTSSSGVSNRKRKRKVFSPIRSEPRSPSHSMRTRSGRLSSSELSPLTPPSSVSSSLSISVSPLATSALNPTFTFPSHSLTQSGESAEKNQRPRKQTSAPAEPFSSSSPTPLFPWFTPGSQTERGRNKDKAPEELSKDRDADKSVEKDKSRERDREREKENKRESRKEKRKKGSEIQSSSALYPVGRVSKEKVVGEDVATSSSAKKATGRKKSSSHDSGTDITSVTLGDTTAVKTKILIKKGRGNLEKTNLDLGPTAPSLEKEKTLCLSTPSSSTVKHSTSSIGSMLAQADKLPMTDKRVASLLKKAKAQLCKIEKSKSLKQTDQPKAQGQESDSSETSVRGPRIKHVCRRAAVALGRKRAVFPDDMPTLSALPWEEREKILSSMGNDDKSSIAGSEDAEPLAPPIKPIKPVTRNKAPQEPPVKKGRRSRRCGQCPGCQVPEDCGVCTNCLDKPKFGGRNIKKQCCKMRKCQNLQWMPSKAYLQKQAKAVKKKEKKSKTSEKKDSKESSVVKNVVDSSQKPTPSAREDPAPKKSSSEPPPRKPVEEKSEEGNVSAPGPESKQATTPASRKSSKQVSQPALVIPPQPPTTGPPRKEVPKTTPSEPKKKQPPPPESGPEQSKQKKVAPRPSIPVKQKPKEKEKPPPVNKQENAGTLNILSTLSNGNSSKQKIPADGVHRIRVDFKEDCEAENVWEMGGLGILTSVPITPRVVCFLCASSGHVEFVYCQVCCEPFHKFCLEENERPLEDQLENWCCRRCKFCHVCGRQHQATKQLLECNKCRNSYHPECLGPNYPTKPTKKKKVWICTKCVRCKSCGSTTPGKGWDAQWSHDFSLCHDCAKLFAKGNFCPLCDKCYDDDDYESKMMQCGKCDRWVHSKCENLSDEMYEILSNLPESVAYTCVNCTERHPAEWRLALEKELQISLKQVLTALLNSRTTSHLLRYRQAAKPPDLNPETEESIPSRSSPEGPDPPVLTEVSKQDDQQPLDLEGVKRKMDQGNYTSVLEFSDDIVKIIQAAINSDGGQPEIKKANSMVKSFFIRQMERVFPWFSVKKSRFWEPNKVSSNSGMLPNAVLPPSLDHNYAQWQEREENSHTEQPPLMKKIIPAPKPKGPGEPDSPTPLHPPTPPILSTDRSREDSPELNPPPGIEDNRQCALCLTYGDDSANDAGRLLYIGQNEWTHVNCALWSAEVFEDDDGSLKNVHMAVIRGKQLRCEFCQKPGATVGCCLTSCTSNYHFMCSRAKNCVFLDDKKVYCQRHRDLIKGEVVPENGFEVFRRVFVDFEGISLRRKFLNGLEPENIHMMIGSMTIDCLGILNDLSDCEDKLFPIGYQCSRVYWSTTDARKRCVYTCKIVECRPPVVEPDINSTVEHDENRTIAHSPTSFTESSSKESQNTAEIISPPSPDRPPHSQTSGSCYYHVISKVPRIRTPSYSPTQRSPGCRPLPSAGSPTPTTHEIVTVGDPLLSSGLRSIGSRRHSTSSLSPQRSKLRIMSPMRTGNTYSRNNVSSVSTTGTATDLESSAKVVDHVLGPLNSSTSLGQNTSTSSNLQRTVVTVGNKNSHLDGSSSSEMKQSSASDLVSKSSSLKGEKTKVLSSKSSEGSAHNVAYPGIPKLAPQVHNTTSRELNVSKIGSFAEPSSVSFSSKEALSFPHLHLRGQRNDRDQHTDSTQSANSSPDEDTEVKTLKLSGMSNRSSIINEHMGSSSRDRRQKGKKSCKETFKEKHSSKSFLEPGQVTTGEEGNLKPEFMDEVLTPEYMGQRPCNNVSSDKIGDKGLSMPGVPKAPPMQVEGSAKELQAPRKRTVKVTLTPLKMENESQSKNALKESSPASPLQIESTSPTEPISASENPGDGPVAQPSPNNTSCQDSQSNNYQNLPVQDRNLMLPDGPKPQEDGSFKRRYPRRSARARSNMFFGLTPLYGVRSYGEEDIPFYSSSTGKKRGKRSAEGQVDGADDLSTSDEDDLYYYNFTRTVISSGGEERLASHNLFREEEQCDLPKISQLDGVDDGTESDTSVTATTRKSSQIPKRNGKENGTENLKIDRPEDAGEKEHVTKSSVGHKNEPKMDNCHSVSRVKTQGQDSLEAQLSSLESSRRVHTSTPSDKNLLDTYNTELLKSDSDNNNSDDCGNILPSDIMDFVLKNTPSMQALGESPESSSSELLNLGEGLGLDSNREKDMGLFEVFSQQLPTTEPVDSSVSSSISAEEQFELPLELPSDLSVLTTRSPTVPSQNPSRLAVISDSGEKRVTITEKSVASSESDPALLSPGVDPTPEGHMTPDHFIQGHMDADHISSPPCGSVEQGHGNNQDLTRNSSTPGLQVPVSPTVPIQNQKYVPNSTDSPGPSQISNAAVQTTPPHLKPATEKLIVVNQNMQPLYVLQTLPNGVTQKIQLTSSVSSTPSVMETNTSVLGPMGGGLTLTTGLNPSLPTSQSLFPSASKGLLPMSHHQHLHSFPAATQSSFPPNISNPPSGLLIGVQPPPDPQLLVSESSQRTDLSTTVATPSSGLKKRPISRLQTRKNKKLAPSSTPSNIAPSDVVSNMTLINFTPSQLPNHPSLLDLGSLNTSSHRTVPNIIKRSKSSIMYFEPAPLLPQSVGGTAATAAGTSTISQDTSHLTSGSVSGLASSSSVLNVVSMQTTTTPTSSASVPGHVTLTNPRLLGTPDIGSISNLLIKASQQSLGIQDQPVALPPSSGMFPQLGTSQTPSTAAITAASSICVLPSTQTTGITAASPSGEADEHYQLQHVNQLLASKTGIHSSQRDLDSASGPQVSNFTQTVDAPNSMGLEQNKALSSAVQASPTSPGGSPSSPSSGQRSASPSVPGPTKPKPKTKRFQLPLDKGNGKKHKVSHLRTSSSEAHIPDQETTSLTSGTGTPGAEAEQQDTASVEQSSQKECGQPAGQVAVLPEVQVTQNPANEQESAEPKTVEEEESNFSSPLMLWLQQEQKRKESITEKKPKKGLVFEISSDDGFQICAESIEDAWKSLTDKVQEARSNARLKQLSFAGVNGLRMLGILHDAVVFLIEQLSGAKHCRNYKFRFHKPEEANEPPLNPHGSARAEVHLRKSAFDMFNFLASKHRQPPEYNPNDEEEEEVQLKSARRATSMDLPMPMRFRHLKKTSKEAVGVYRSPIHGRGLFCKRNIDAGEMVIEYAGNVIRSIQTDKREKYYDSKGIGCYMFRIDDSEVVDATMHGNAARFINHSCEPNCYSRVINIDGQKHIVIFAMRKIYRGEELTYDYKFPIEDASNKLPCNCGAKKCRKFLN	2.1.1.-; 2.1.1.364	2AGH;2J2S;2JYI;2KKF;2KU7;2KYU;2LXS;2LXT;2MSR;2MTN;2W5Y;2W5Z;3EG6;3EMH;3LQH;3LQI;3LQJ;3P4F;3U85;3U88;4ESG;4GQ6;4NW3;5F5E;5F6L;5SVH;6EMQ;6KIU;6KIV;6KIX;6KIZ;6PWV;6PWW;6U9K;6U9M;6U9N;6U9R;6W5I;6W5M;6W5N;7MBM;7MBN;
Q08J23	reviewed	NSUN2_HUMAN	RHEA:42948 RHEA-COMP:10293 RHEA-COMP:10297 RHEA:42952 RHEA-COMP:10294 RHEA-COMP:10385 RHEA:61488 RHEA-COMP:15838 RHEA-COMP:15839 RHEA:42940 RHEA-COMP:10291 RHEA-COMP:10295 RHEA:61464 RHEA-COMP:15145 RHEA-COMP:15826	MGRRSRGRRLQQQQRPEDAEDGAEGGGKRGEAGWEGGYPEIVKENKLFEHYYQELKIVPEGEWGQFMDALREPLPATLRITGYKSHAKEILHCLKNKYFKELEDLEVDGQKVEVPQPLSWYPEELAWHTNLSRKILRKSPHLEKFHQFLVSETESGNISRQEAVSMIPPLLLNVRPHHKILDMCAAPGSKTTQLIEMLHADMNVPFPEGFVIANDVDNKRCYLLVHQAKRLSSPCIMVVNHDASSIPRLQIDVDGRKEILFYDRILCDVPCSGDGTMRKNIDVWKKWTTLNSLQLHGLQLRIATRGAEQLAEGGRMVYSTCSLNPIEDEAVIASLLEKSEGALELADVSNELPGLKWMPGITQWKVMTKDGQWFTDWDAVPHSRHTQIRPTMFPPKDPEKLQAMHLERCLRILPHHQNTGGFFVAVLVKKSSMPWNKRQPKLQGKSAETRESTQLSPADLTEGKPTDPSKLESPSFTGTGDTEIAHATEDLENNGSKKDGVCGPPPSKKMKLFGFKEDPFVFIPEDDPLFPPIEKFYALDPSFPRMNLLTRTTEGKKRQLYMVSKELRNVLLNNSEKMKVINTGIKVWCRNNSGEEFDCAFRLAQEGIYTLYPFINSRIITVSMEDVKILLTQENPFFRKLSSETYSQAKDLAKGSIVLKYEPDSANPDALQCPIVLCGWRGKASIRTFVPKNERLHYLRMMGLEVLGEKKKEGVILTNESAASTGQPDNDVTEGQRAGEPNSPDAEEANSPDVTAGCDPAGVHPPR	2.1.1.-; 2.1.1.203	
Q4FZB7	reviewed	KMT5B_HUMAN	RHEA:60348 RHEA-COMP:15555 RHEA-COMP:15556 RHEA:61992 RHEA-COMP:15556 RHEA-COMP:15998 RHEA:60344 RHEA-COMP:15554 RHEA-COMP:15555	MKWLGESKNMVVNGRRNGGKLSNDHQQNQSKLQHTGKDTLKAGKNAVERRSNRCNGNSGFEGQSRYVPSSGMSAKELCENDDLATSLVLDPYLGFQTHKMNTSAFPSRSSRHFSKSDSFSHNNPVRFRPIKGRQEELKEVIERFKKDEHLEKAFKCLTSGEWARHYFLNKNKMQEKLFKEHVFIYLRMFATDSGFEILPCNRYSSEQNGAKIVATKEWKRNDKIELLVGCIAELSEIEENMLLRHGENDFSVMYSTRKNCAQLWLGPAAFINHDCRPNCKFVSTGRDTACVKALRDIEPGEEISCYYGDGFFGENNEFCECYTCERRGTGAFKSRVGLPAPAPVINSKYGLRETDKRLNRLKKLGDSSKNSDSQSVSSNTDADTTQEKNNATSNRKSSVGVKKNSKSRTLTRQSMSRIPASSNSTSSKLTHINNSRVPKKLKKPAKPLLSKIKLRNHCKRLEQKNASRKLEMGNLVLKEPKVVLYKNLPIKKDKEPEGPAQAAVASGCLTRHAAREHRQNPVRGAHSQGESSPCTYITRRSVRTRTNLKEASDIKLEPNTLNGYKSSVTEPCPDSGEQLQPAPVLQEEELAHETAQKGEAKCHKSDTGMSKKKSRQGKLVKQFAKIEESTPVHDSPGKDDAVPDLMGPHSDQGEHSGTVGVPVSYTDCAPSPVGCSVVTSDSFKTKDSFRTAKSKKKRRITRYDAQLILENNSGIPKLTLRRRHDSSSKTNDQENDGMNSSKISIKLSKDHDNDNNLYVAKLNNGFNSGSGSSSTKLKIQLKRDEENRGSYTEGLHENGVCCSDPLSLLESRMEVDDYSQYEEESTDDSSSSEGDEEEDDYDDDFEDDFIPLPPAKRLRLIVGKDSIDIDISSRRREDQSLRLNA	2.1.1.361; 2.1.1.362	3S8P;5CPR;5WBV;
Q7L0Y3	reviewed	TM10C_HUMAN	RHEA:43148 RHEA-COMP:10363 RHEA-COMP:10364 RHEA:43156 RHEA-COMP:10367 RHEA-COMP:10368 RHEA:55392 RHEA-COMP:12414 RHEA-COMP:12415	MAAFLKMSVSVNFFRPFTRFLVPFTLHRKRNNLTILQRYMSSKIPAVTYPKNESTPPSEELELDKWKTTMKSSVQEECVSTISSSKDEDPLAATREFIEMWRLLGREVPEHITEEELKTLMECVSNTAKKKYLKYLYTKEKVKKARQIKKEMKAAAREEAKNIKLLETTEEDKQKNFLFLRLWDRNMDIAMGWKGAQAMQFGQPLVFDMAYENYMKRKELQNTVSQLLESEGWNRRNVDPFHIYFCNLKIDGALHRELVKRYQEKWDKLLLTSTEKSHVDLFPKDSIIYLTADSPNVMTTFRHDKVYVIGSFVDKSMQPGTSLAKAKRLNLATECLPLDKYLQWEIGNKNLTLDQMIRILLCLKNNGNWQEALQFVPKRKHTGFLEISQHSQEFINRLKKAKT	2.1.1.-; 2.1.1.218; 2.1.1.221	5NFJ;7ONU;
Q86W50	reviewed	MET16_HUMAN	RHEA:52808 RHEA-COMP:13573 RHEA-COMP:13574 RHEA:55584 RHEA-COMP:12414 RHEA-COMP:12417	MALSKSMHARNRYKDKPPDFAYLASKYPDFKQHVQINLNGRVSLNFKDPEAVRALTCTLLREDFGLSIDIPLERLIPTVPLRLNYIHWVEDLIGHQDSDKSTLRRGIDIGTGASCIYPLLGATLNGWYFLATEVDDMCFNYAKKNVEQNNLSDLIKVVKVPQKTLLMDALKEESEIIYDFCMCNPPFFANQLEAKGVNSRNPRRPPPSSVNTGGITEIMAEGGELEFVKRIIHDSLQLKKRLRWYSCMLGKKCSLAPLKEELRIQGVPKVTYTEFCQGRTMRWALAWSFYDDVTVPSPPSKRRKLEKPRKPITFVVLASVMKELSLKASPLRSETAEGIVVVTTWIEKILTDLKVQHKRVPCGKEEVSLFLTAIENSWIHLRRKKRERVRQLREVPRAPEDVIQALEEKKPTPKESGNSQELARGPQERTPCGPALREGEAAAVEGPCPSQESLSQEENPEPTEDERSEEKGGVEVLESCQGSSNGAQDQEASEQFGSPVAERGKRLPGVAGQYLFKCLINVKKEVDDALVEMHWVEGQNRDLMNQLCTYIRNQIFRLVAVN	2.1.1.346; 2.1.1.348	2H00;6B91;6B92;6DU4;6DU5;6GFK;6GFN;6GT5;6M1U;
Q86Y97	reviewed	KMT5C_HUMAN	RHEA:60348 RHEA-COMP:15555 RHEA-COMP:15556 RHEA:61992 RHEA-COMP:15556 RHEA-COMP:15998 RHEA:60344 RHEA-COMP:15554 RHEA-COMP:15555	MGPDRVTARELCENDDLATSLVLDPYLGFRTHKMNVSPVPPLRRQQHLRSALETFLRQRDLEAAYRALTLGGWTARYFQSRGPRQEAALKTHVYRYLRAFLPESGFTILPCTRYSMETNGAKIVSTRAWKKNEKLELLVGCIAELREADEGLLRAGENDFSIMYSTRKRSAQLWLGPAAFINHDCKPNCKFVPADGNAACVKVLRDIEPGDEVTCFYGEGFFGEKNEHCECHTCERKGEGAFRTRPREPALPPRPLDKYQLRETKRRLQQGLDSGSRQGLLGPRACVHPSPLRRDPFCAACQPLRLPACSARPDTSPLWLQWLPQPQPRVRPRKRRRPRPRRAPVLSTHHAARVSLHRWGGCGPHCRLRGEALVALGQPPHARWAPQQDWHWARRYGLPYVVRVDLRRLAPAPPATPAPAGTPGPILIPKQALAFAPFSPPKRLRLVVSHGSIDLDVGGEEL	2.1.1.361; 2.1.1.362	3RQ4;
Q8IZ69	reviewed	TRM2A_HUMAN	RHEA:42712 RHEA-COMP:10167 RHEA-COMP:10193 RHEA:69863 RHEA-COMP:14658 RHEA-COMP:17793	MSENLDNEGPKPMESCGQESSSALSCPTVSVPPAAPAALEEVEKEGAGAATGPGPQPGLYSYIRDDLFTSEIFKLELQNVPRHASFSDVRRFLGRFGLQPHKTKLFGQPPCAFVTFRSAAERDKALRVLHGALWKGRPLSVRLARPKADPMARRRRQEGESEPPVTRVADVVTPLWTVPYAEQLERKQLECEQVLQKLAKEIGSTNRALLPWLLEQRHKHNKACCPLEGVRPSPQQTEYRNKCEFLVGVGVDGEDNTVGCRLGKYKGGTCAVAAPFDTVHIPEATKQVVKAFQEFIRSTPYSAYDPETYTGHWKQLTVRTSRRHQAMAIAYFHPQKLSPEELAELKTSLAQHFTAGPGRASGVTCLYFVEEGQRKTPSQEGLPLEHVAGDRCIHEDLLGLTFRISPHAFFQVNTPAAEVLYTVIQDWAQLDAGSMVLDVCCGTGTIGLALARKVKRVIGVELCPEAVEDARVNAQDNELSNVEFHCGRAEDLVPTLVSRLASQHLVAILDPPRAGLHSKVILAIRRAKNLRRLLYVSCNPRAAMGNFVDLCRAPSNRVKGIPFRPVKAVAVDLFPQTPHCEMLILFERVEHPNGTGVLGPHSPPAQPTPGPPDNTLQETGTFPSS	2.1.1.-; 2.1.1.35	7NTN;7NTO;
Q8N3J2	reviewed	METL4_HUMAN	RHEA:62672 RHEA-COMP:16150 RHEA-COMP:16151 RHEA:15197 RHEA-COMP:12418 RHEA-COMP:12419	MSVVHQLSAGWLLDHLSFINKINYQLHQHHEPCCRKKEFTTSVHFESLQMDSVSSSGVCAAFIASDSSTKPENDDGGNYEMFTRKFVFRPELFDVTKPYITPAVHKECQQSNEKEDLMNGVKKEISISIIGKKRKRCVVFNQGELDAMEYHTKIRELILDGSLQLIQEGLKSGFLYPLFEKQDKGSKPITLPLDACSLSELCEMAKHLPSLNEMEHQTLQLVEEDTSVTEQDLFLRVVENNSSFTKVITLMGQKYLLPPKSSFLLSDISCMQPLLNYRKTFDVIVIDPPWQNKSVKRSNRYSYLSPLQIQQIPIPKLAAPNCLLVTWVTNRQKHLRFIKEELYPSWSVEVVAEWHWVKITNSGEFVFPLDSPHKKPYEGLILGRVQEKTALPLRNADVNVLPIPDHKLIVSVPCTLHSHKPPLAEVLKDYIKPDGEYLELFARNLQPGWTSWGNEVLKFQHVDYFIAVESGS	2.1.1.-; 2.1.1.72	
Q8N6R0	reviewed	EFNMT_HUMAN	RHEA:51736 RHEA-COMP:9752 RHEA-COMP:13053 RHEA:54196 RHEA-COMP:13053 RHEA-COMP:13827 RHEA:58440 RHEA-COMP:15140 RHEA-COMP:15143	MNLLPKSSREFGSVDYWEKFFQQRGKKAFEWYGTYLELCGVLHKYIKPREKVLVIGCGNSELSEQLYDVGYRDIVNIDISEVVIKQMKECNATRRPQMSFLKMDMTQMEFPDASFQVVLDKGTLDAVLTDEEEKTLQQVDRMLAEVGRVLQVGGRYLCISLAQAHILKKAVGHFSREGWMVRVHQVANSQDQVLEAEPQFSLPVFAFIMTKFRPVPGSALQIFELCAQEQRKPVRLESAERLAEAVQERQQYAWLCSQLRRKARLGSVSLDLCDGDTGEPRYTLHVVDSPTVKPSRDNHFAIFIIPQGRETEWLFGMDEGRKQLAASAGFRRLITVALHRGQQYESMDHIQAELSARVMELAPAGMPTQQQVPFLSVGGDIGVRTVQHQDCSPLSGDYVIEDVQGDDKRYFRRLIFLSNRNVVQSEARLLKDVSHKAQKKRKKDRKKQRPADAEDLPAAPGQSIDKSYLCCEHHKAMIAGLALLRNPELLLEIPLALLVVGLGGGSLPLFVHDHFPKSCIDAVEIDPSMLEVATQWFGFSQSDRMKVHIADGLDYIASLAGGGEARPCYDVIMFDVDSKDPTLGMSCPPPAFVEQSFLQKVKSILTPEGVFILNLVCRDLGLKDSVLAGLKAVFPLLYVRRIEGEVNEILFCQLHPEQKLATPELLETAQALERTLRKPGRGWDDTYVLSDMLKTVKIV	2.1.1.-	5WCJ;
Q96CB9	reviewed	NSUN4_HUMAN	RHEA:61484 RHEA-COMP:15836 RHEA-COMP:15837 RHEA:61468 RHEA-COMP:13670 RHEA-COMP:15827	MAALTLRGVRELLKRVDLATVPRRHRYKKKWAATEPKFPAVRLALQNFDMTYSVQFGDLWPSIRVSLLSEQKYGALVNNFAAWDHVSAKLEQLSAKDFVNEAISHWELQSEGGQSAAPSPASWACSPNLRCFTFDRGDISRFPPARPGSLGVMEYYLMDAASLLPVLALGLQPGDIVLDLCAAPGGKTLALLQTGCCRNLAANDLSPSRIARLQKILHSYVPEEIRDGNQVRVTSWDGRKWGELEGDTYDRVLVDVPCTTDRHSLHEEENNIFKRSRKKERQILPVLQVQLLAAGLLATKPGGHVVYSTCSLSHLQNEYVVQGAIELLANQYSIQVQVEDLTHFRRVFMDTFCFFSSCQVGELVIPNLMANFGPMYFCKMRRLT	2.1.1.-	4FP9;4FZV;7O9K;7O9M;7ODR;7ODS;7ODT;7OF0;7OF3;7OF5;7OF7;7OIC;7PD3;
Q96FX7	reviewed	TRM61_HUMAN	RHEA:43152 RHEA-COMP:10365 RHEA-COMP:10366 RHEA:55392 RHEA-COMP:12414 RHEA-COMP:12415	MSFVAYEELIKEGDTAILSLGHGAMVAVRVQRGAQTQTRHGVLRHSVDLIGRPFGSKVTCGRGGWVYVLHPTPELWTLNLPHRTQILYSTDIALITMMLELRPGSVVCESGTGSGSVSHAIIRTIAPTGHLHTVEFHQQRAEKAREEFQEHRVGRWVTVRTQDVCRSGFGVSHVADAVFLDIPSPWEAVGHAWDALKVEGGRFCSFSPCIEQVQRTCQALAARGFSELSTLEVLPQVYNVRTVSLPPPDLGTGTDGPAGSDTSPFRSGTPMKEAVGHTGYLTFATKTPG	2.1.1.-; 2.1.1.220	5CCB;5CCX;5CD1;
Q96KQ7	reviewed	EHMT2_HUMAN	RHEA:60284 RHEA-COMP:15541 RHEA-COMP:15542 RHEA:60280 RHEA-COMP:15542 RHEA-COMP:15546	MAAAAGAAAAAAAEGEAPAEMGALLLEKETRGATERVHGSLGDTPRSEETLPKATPDSLEPAGPSSPASVTVTVGDEGADTPVGATPLIGDESENLEGDGDLRGGRILLGHATKSFPSSPSKGGSCPSRAKMSMTGAGKSPPSVQSLAMRLLSMPGAQGAAAAGSEPPPATTSPEGQPKVHRARKTMSKPGNGQPPVPEKRPPEIQHFRMSDDVHSLGKVTSDLAKRRKLNSGGGLSEELGSARRSGEVTLTKGDPGSLEEWETVVGDDFSLYYDSYSVDERVDSDSKSEVEALTEQLSEEEEEEEEEEEEEEEEEEEEEEEEDEESGNQSDRSGSSGRRKAKKKWRKDSPWVKPSRKRRKREPPRAKEPRGVNGVGSSGPSEYMEVPLGSLELPSEGTLSPNHAGVSNDTSSLETERGFEELPLCSCRMEAPKIDRISERAGHKCMATESVDGELSGCNAAILKRETMRPSSRVALMVLCETHRARMVKHHCCPGCGYFCTAGTFLECHPDFRVAHRFHKACVSQLNGMVFCPHCGEDASEAQEVTIPRGDGVTPPAGTAAPAPPPLSQDVPGRADTSQPSARMRGHGEPRRPPCDPLADTIDSSGPSLTLPNGGCLSAVGLPLGPGREALEKALVIQESERRKKLRFHPRQLYLSVKQGELQKVILMLLDNLDPNFQSDQQSKRTPLHAAAQKGSVEICHVLLQAGANINAVDKQQRTPLMEAVVNNHLEVARYMVQRGGCVYSKEEDGSTCLHHAAKIGNLEMVSLLLSTGQVDVNAQDSGGWTPIIWAAEHKHIEVIRMLLTRGADVTLTDNEENICLHWASFTGSAAIAEVLLNARCDLHAVNYHGDTPLHIAARESYHDCVLLFLSRGANPELRNKEGDTAWDLTPERSDVWFALQLNRKLRLGVGNRAIRTEKIICRDVARGYENVPIPCVNGVDGEPCPEDYKYISENCETSTMNIDRNITHLQHCTCVDDCSSSNCLCGQLSIRCWYDKDGRLLQEFNKIEPPLIFECNQACSCWRNCKNRVVQSGIKVRLQLYRTAKMGWGVRALQTIPQGTFICEYVGELISDAEADVREDDSYLFDLDNKDGEVYCIDARYYGNISRFINHLCDPNIIPVRVFMLHQDLRFPRIAFFSSRDIRTGEELGFDYGDRFWDIKSKYFTCQCGSEKCKHSAEAIALEQSRLARLDPHPELLPELGSLPPVNT	2.1.1.-; 2.1.1.367	2O8J;3DM1;3K5K;3RJW;4NVQ;5JHN;5JIN;5JIY;5JJ0;5T0K;5T0M;5TTF;5TUY;5V9I;5VSC;5VSE;6MM1;7BTV;7BUC;7DCF;
Q9BVS5	reviewed	TR61B_HUMAN	RHEA:43152 RHEA-COMP:10365 RHEA-COMP:10366 RHEA:55392 RHEA-COMP:12414 RHEA-COMP:12415	MLMAWCRGPVLLCLRQGLGTNSFLHGLGQEPFEGARSLCCRSSPRDLRDGEREHEAAQRKAPGAESCPSLPLSISDIGTGCLSSLENLRLPTLREESSPRELEDSSGDQGRCGPTHQGSEDPSMLSQAQSATEVEERHVSPSCSTSRERPFQAGELILAETGEGETKFKKLFRLNNFGLLNSNWGAVPFGKIVGKFPGQILRSSFGKQYMLRRPALEDYVVLMKRGTAITFPKDINMILSMMDINPGDTVLEAGSGSGGMSLFLSKAVGSQGRVISFEVRKDHHDLAKKNYKHWRDSWKLSHVEEWPDNVDFIHKDISGATEDIKSLTFDAVALDMLNPHVTLPVFYPHLKHGGVCAVYVVNITQVIELLDGIRTCELALSCEKISEVIVRDWLVCLAKQKNGILAQKVESKINTDVQLDSQEKIGVKGELFQEDDHEESHSDFPYGSFPYVARPVHWQPGHTAFLVKLRKVKPQLN	2.1.1.-; 2.1.1.220	2B25;
Q9BZ95	reviewed	NSD3_HUMAN	RHEA:64448 RHEA-COMP:15540 RHEA-COMP:15547 RHEA:64452 RHEA-COMP:15539 RHEA-COMP:15548	MDFSFSFMQGIMGNTIQQPPQLIDSANIRQEDAFDNNSDIAEDGGQTPYEATLQQGFQYPATTEDLPPLTNGYPSSISVYETQTKYQSYNQYPNGSANGFGAVRNFSPTDYYHSEIPNTRPHEILEKPSPPQPPPPPSVPQTVIPKKTGSPEIKLKITKTIQNGRELFESSLCGDLLNEVQASEHTKSKHESRKEKRKKSNKHDSSRSEERKSHKIPKLEPEEQNRPNERVDTVSEKPREEPVLKEEAPVQPILSSVPTTEVSTGVKFQVGDLVWSKVGTYPWWPCMVSSDPQLEVHTKINTRGAREYHVQFFSNQPERAWVHEKRVREYKGHKQYEELLAEATKQASNHSEKQKIRKPRPQRERAQWDIGIAHAEKALKMTREERIEQYTFIYIDKQPEEALSQAKKSVASKTEVKKTRRPRSVLNTQPEQTNAGEVASSLSSTEIRRHSQRRHTSAEEEEPPPVKIAWKTAAARKSLPASITMHKGSLDLQKCNMSPVVKIEQVFALQNATGDGKFIDQFVYSTKGIGNKTEISVRGQDRLIISTPNQRNEKPTQSVSSPEATSGSTGSVEKKQQRRSIRTRSESEKSTEVVPKKKIKKEQVETVPQATVKTGLQKGASEISDSCKPLKKRSRASTDVEMTSSAYRDTSDSDSRGLSDLQVGFGKQVDSPSATADADVSDVQSMDSSLSRRGTGMSKKDTVCQICESSGDSLIPCEGECCKHFHLECLGLASLPDSKFICMECKTGQHPCFSCKVSGKDVKRCSVGACGKFYHEACVRKFPTAIFESKGFRCPQHCCSACSMEKDIHKASKGRMMRCLRCPVAYHSGDACIAAGSMLVSSYILICSNHSKRSSNSSAVNVGFCFVCARGLIVQDHSDPMFSSYAYKSHYLLNESNRAELMKLPMIPSSSASKKKCEKGGRLLCCESCPASFHPECLSIEMPEGCWNCNDCKAGKKLHYKQIVWVKLGNYRWWPAEICNPRSVPLNIQGLKHDLGDFPVFFFGSHDYYWVHQGRVFPYVEGDKSFAEGQTSINKTFKKALEEAAKRFQELKAQRESKEALEIEKNSRKPPPYKHIKANKVIGKVQIQVADLSEIPRCNCKPADENPCGLESECLNRMLQYECHPQVCPAGDRCQNQCFTKRLYPDAEIIKTERRGWGLRTKRSIKKGEFVNEYVGELIDEEECRLRIKRAHENSVTNFYMLTVTKDRIIDAGPKGNYSRFMNHSCNPNCETQKWTVNGDVRVGLFALCDIPAGMELTFNYNLDCLGNGRTECHCGADNCSGFLGVRPKSACASTNEEKAKNAKLKQKRRKIKTEPKQMHEDYCFQCGDGGELVMCDKKDCPKAYHLLCLNLTQPPYGKWECPWHQCDECSSAAVSFCEFCPHSFCKDHEKGALVPSALEGRLCCSEHDPMAPVSPEYWSKIKCKWESQDHGEEVKE	2.1.1.370; 2.1.1.371	2DAQ;2NCZ;2ND1;4GND;4GNE;4GNF;4GNG;4RXJ;5UPD;6CEN;6G24;6G25;6G27;6G29;6G2B;6G2C;6G2E;6G2F;6G2O;6G3P;6G3T;7CRP;7CRQ;7CRR;7JYN;
Q9C0A6	reviewed	SETD5_HUMAN	RHEA:60280 RHEA-COMP:15542 RHEA-COMP:15546 RHEA:60324 RHEA-COMP:9785 RHEA-COMP:15536	MSIAIPLGVTTSDTSYSDMAAGSDPESVEASPAVNEKSVYSTHNYGTTQRHGCRGLPYATIIPRSDLNGLPSPVEERCGDSPNSEGETVPTWCPCGLSQDGFLLNCDKCRGMSRGKVIRLHRRKQDNISGGDSSATESWDEELSPSTVLYTATQHTPTSITLTVRRTKPKKRKKSPEKGRAAPKTKKIKNSPSEAQNLDENTTEGWENRIRLWTDQYEEAFTNQYSADVQNALEQHLHSSKEFVGKPTILDTINKTELACNNTVIGSQMQLQLGRVTRVQKHRKILRAARDLALDTLIIEYRGKVMLRQQFEVNGHFFKKPYPFVLFYSKFNGVEMCVDARTFGNDARFIRRSCTPNAEVRHMIADGMIHLCIYAVSAITKDAEVTIAFDYEYSNCNYKVDCACHKGNRNCPIQKRNPNATELPLLPPPPSLPTIGAETRRRKARRKELEMEQQNEASEENNDQQSQEVPEKVTVSSDHEEVDNPEEKPEEEKEEVIDDQENLAHSRRTREDRKVEAIMHAFENLEKRKKRRDQPLEQSNSDVEITTTTSETPVGEETKTEAPESEVSNSVSNVTIPSTPQSVGVNTRRSSQAGDIAAEKLVPKPPPAKPSRPRPKSRISRYRTSSAQRLKRQKQANAQQAELSQAALEEGGSNSLVTPTEAGSLDSSGENRPLTGSDPTVVSITGSHVNRAASKYPKTKKYLVTEWLNDKAEKQECPVECPLRITTDPTVLATTLNMLPGLIHSPLICTTPKHYIRFGSPFIPERRRRPLLPDGTFSSCKKRWIKQALEEGMTQTSSVPQETRTQHLYQSNENSSSSSICKDNADLLSPLKKWKSRYLMEQNVTKLLRPLSPVTPPPPNSGSKSPQLATPGSSHPGEEECRNGYSLMFSPVTSLTTASRCNTPLQFELCHRKDLDLAKVGYLDSNTNSCADRPSLLNSGHSDLAPHPSLGPTSETGFPSRSGDGHQTLVRNSDQAFRTEFNLMYAYSPLNAMPRADGLYRGSPLVGDRKPLHLDGGYCSPAEGFSSRYEHGLMKDLSRGSLSPGGERACEGVPSAPQNPPQRKKVSLLEYRKRKQEAKENSAGGGGDSAQSKSKSAGAGQGSSNSVSDTGAHGVQGSSARTPSSPHKKFSPSHSSMSHLEAVSPSDSRGTSSSHCRPQENISSRWMVPTSVERLREGGSIPKVLRSSVRVAQKGEPSPTWESNITEKDSDPADGEGPETLSSALSKGATVYSPSRYSYQLLQCDSPRTESQSLLQQSSSPFRGHPTQSPGYSYRTTALRPGNPPSHGSSESSLSSTSYSSPAHPVSTDSLAPFTGTPGYFSSQPHSGNSTGSNLPRRSCPSSAASPTLQGPSDSPTSDSVSQSSTGTLSSTSFPQNSRSSLPSDLRTISLPSAGQSAVYQASRVSAVSNSQHYPHRGSGGVHQYRLQPLQGSGVKTQTGLS	2.1.1.359; 2.1.1.367	
Q9H825	reviewed	METL8_HUMAN	RHEA:50956 RHEA-COMP:12849 RHEA-COMP:12851 RHEA:50960 RHEA-COMP:12850 RHEA-COMP:12852 RHEA:60916 RHEA-COMP:15145 RHEA-COMP:15713	MNMIWRNSISCLRLGKVPHRYQSGYHPVAPLGSRILTDPAKVFEHNMWDHMQWSKEEEAAARKKVKENSAVRVLLEEQVKYEREASKYWDTFYKIHKNKFFKDRNWLLREFPEILPVDQKPEEKARESSWDHVKTSATNRFSRMHCPTVPDEKNHYEKSSGSSEGQSKTESDFSNLDSEKHKKGPMETGLFPGSNATFRILEVGCGAGNSVFPILNTLENSPESFLYCCDFASGAVELVKSHSSYRATQCFAFVHDVCDDGLPYPFPDGILDVILLVFVLSSIHPDRTLFI	2.1.1.-	
Q9H9B1	reviewed	EHMT1_HUMAN	RHEA:60284 RHEA-COMP:15541 RHEA-COMP:15542 RHEA:60280 RHEA-COMP:15542 RHEA-COMP:15546	MAAADAEAVPARGEPQQDCCVKTELLGEETPMAADEGSAEKQAGEAHMAADGETNGSCENSDASSHANAAKHTQDSARVNPQDGTNTLTRIAENGVSERDSEAAKQNHVTADDFVQTSVIGSNGYILNKPALQAQPLRTTSTLASSLPGHAAKTLPGGAGKGRTPSAFPQTPAAPPATLGEGSADTEDRKLPAPGADVKVHRARKTMPKSVVGLHAASKDPREVREARDHKEPKEEINKNISDFGRQQLLPPFPSLHQSLPQNQCYMATTKSQTACLPFVLAAAVSRKKKRRMGTYSLVPKKKTKVLKQRTVIEMFKSITHSTVGSKGEKDLGASSLHVNGESLEMDSDEDDSEELEEDDGHGAEQAAAFPTEDSRTSKESMSEADRAQKMDGESEEEQESVDTGEEEEGGDESDLSSESSIKKKFLKRKGKTDSPWIKPARKRRRRSRKKPSGALGSESYKSSAGSAEQTAPGDSTGYMEVSLDSLDLRVKGILSSQAEGLANGPDVLETDGLQEVPLCSCRMETPKSREITTLANNQCMATESVDHELGRCTNSVVKYELMRPSNKAPLLVLCEDHRGRMVKHQCCPGCGYFCTAGNFMECQPESSISHRFHKDCASRVNNASYCPHCGEESSKAKEVTIAKADTTSTVTPVPGQEKGSALEGRADTTTGSAAGPPLSEDDKLQGAASHVPEGFDPTGPAGLGRPTPGLSQGPGKETLESALIALDSEKPKKLRFHPKQLYFSARQGELQKVLLMLVDGIDPNFKMEHQNKRSPLHAAAEAGHVDICHMLVQAGANIDTCSEDQRTPLMEAAENNHLEAVKYLIKAGALVDPKDAEGSTCLHLAAKKGHYEVVQYLLSNGQMDVNCQDDGGWTPMIWATEYKHVDLVKLLLSKGSDINIRDNEENICLHWAAFSGCVDIAEILLAAKCDLHAVNIHGDSPLHIAARENRYDCVVLFLSRDSDVTLKNKEGETPLQCASLNSQVWSALQMSKALQDSAPDRPSPVERIVSRDIARGYERIPIPCVNAVDSEPCPSNYKYVSQNCVTSPMNIDRNITHLQYCVCIDDCSSSNCMCGQLSMRCWYDKDGRLLPEFNMAEPPLIFECNHACSCWRNCRNRVVQNGLRARLQLYRTRDMGWGVRSLQDIPPGTFVCEYVGELISDSEADVREEDSYLFDLDNKDGEVYCIDARFYGNVSRFINHHCEPNLVPVRVFMAHQDLRFPRIAFFSTRLIEAGEQLGFDYGERFWDIKGKLFSCRCGSPKCRHSSAALAQRQASAAQEAQEDGLPDTSSAAAADPL	2.1.1.-; 2.1.1.367	2IGQ;2RFI;3B7B;3B95;3FPD;3HNA;3MO0;3MO2;3MO5;3SW9;3SWC;4I51;5TTG;5TUZ;5V9J;5VSD;5VSF;6BY9;6MBO;6MBP;
Q9NQR1	reviewed	KMT5A_HUMAN	RHEA:60344 RHEA-COMP:15554 RHEA-COMP:15555 RHEA:51736 RHEA-COMP:9752 RHEA-COMP:13053	MGEGGAAAALVAAAAAAAAAAAAVVAGQRRRRLGRRARCHGPGRAAGGKMSKPCAVEAAAAAVAATAPGPEMVERRGPGRPRTDGENVFTGQSKIYSYMSPNKCSGMRFPLQEENSVTHHEVKCQGKPLAGIYRKREEKRNAGNAVRSAMKSEEQKIKDARKGPLVPFPNQKSEAAEPPKTPPSSCDSTNAAIAKQALKKPIKGKQAPRKKAQGKTQQNRKLTDFYPVRRSSRKSKAELQSEERKRIDELIESGKEEGMKIDLIDGKGRGVIATKQFSRGDFVVEYHGDLIEITDAKKREALYAQDPSTGCYMYYFQYLSKTYCVDATRETNRLGRLINHSKCGNCQTKLHDIDGVPHLILIASRDIAAGEELLYDYGDRSKASIEAHPWLKH	2.1.1.-; 2.1.1.361	1ZKK;2BQZ;3F9W;3F9X;3F9Y;3F9Z;4IJ8;5HQ2;5T5G;5TEG;5TH7;5V2N;5W1Y;6BOZ;7D1Z;7D20;
Q9NQV7	reviewed	PRDM9_HUMAN	RHEA:51736 RHEA-COMP:9752 RHEA-COMP:13053 RHEA:54196 RHEA-COMP:13053 RHEA-COMP:13827 RHEA:60260 RHEA-COMP:15537 RHEA-COMP:15547 RHEA:60324 RHEA-COMP:9785 RHEA-COMP:15536 RHEA:60276 RHEA-COMP:15538 RHEA-COMP:15546 RHEA:60344 RHEA-COMP:15554 RHEA-COMP:15555 RHEA:60348 RHEA-COMP:15555 RHEA-COMP:15556	MSPEKSQEESPEEDTERTERKPMVKDAFKDISIYFTKEEWAEMGDWEKTRYRNVKRNYNALITIGLRATRPAFMCHRRQAIKLQVDDTEDSDEEWTPRQQVKPPWMALRVEQRKHQKGMPKASFSNESSLKELSRTANLLNASGSEQAQKPVSPSGEASTSGQHSRLKLELRKKETERKMYSLRERKGHAYKEVSEPQDDDYLYCEMCQNFFIDSCAAHGPPTFVKDSAVDKGHPNRSALSLPPGLRIGPSGIPQAGLGVWNEASDLPLGLHFGPYEGRITEDEEAANNGYSWLITKGRNCYEYVDGKDKSWANWMRYVNCARDDEEQNLVAFQYHRQIFYRTCRVIRPGCELLVWYGDEYGQELGIKWGSKWKKELMAGREPKPEIHPCPSCCLAFSSQKFLSQHVERNHSSQNFPGPSARKLLQPENPCPGDQNQEQQYPDPHSRNDKTKGQEIKERSKLLNKRTWQREISRAFSSPPKGQMGSCRVGKRIMEEESRTGQKVNPGNTGKLFVGVGISRIAKVKYGECGQGFSVKSDVITHQRTHTGEKLYVCRECGRGFSWKSHLLIHQRIHTGEKPYVCRECGRGFSWQSVLLTHQRTHTGEKPYVCRECGRGFSRQSVLLTHQRRHTGEKPYVCRECGRGFSRQSVLLTHQRRHTGEKPYVCRECGRGFSWQSVLLTHQRTHTGEKPYVCRECGRGFSWQSVLLTHQRTHTGEKPYVCRECGRGFSNKSHLLRHQRTHTGEKPYVCRECGRGFRDKSHLLRHQRTHTGEKPYVCRECGRGFRDKSNLLSHQRTHTGEKPYVCRECGRGFSNKSHLLRHQRTHTGEKPYVCRECGRGFRNKSHLLRHQRTHTGEKPYVCRECGRGFSDRSSLCYHQRTHTGEKPYVCREDE	2.1.1.-; 2.1.1.354; 2.1.1.355; 2.1.1.359; 2.1.1.361; 2.1.1.362	4IJD;5EGB;5EH2;5EI9;6NM4;
Q9NRG4	reviewed	SMYD2_HUMAN	RHEA:60260 RHEA-COMP:15537 RHEA-COMP:15547 RHEA:51736 RHEA-COMP:9752 RHEA-COMP:13053	MRAEGLGGLERFCSPGKGRGLRALQPFQVGDLLFSCPAYAYVLTVNERGNHCEYCFTRKEGLSKCGRCKQAFYCNVECQKEDWPMHKLECSPMVVFGENWNPSETVRLTARILAKQKIHPERTPSEKLLAVKEFESHLDKLDNEKKDLIQSDIAALHHFYSKHLGFPDNDSLVVLFAQVNCNGFTIEDEELSHLGSAIFPDVALMNHSCCPNVIVTYKGTLAEVRAVQEIKPGEEVFTSYIDLLYPTEDRNDRLRDSYFFTCECQECTTKDKDKAKVEIRKLSDPPKAEAIRDMVRYARNVIEEFRRAKHYKSPSELLEICELSQEKMSSVFEDSNVYMLHMMYQAMGVCLYMQDWEGALQYGQKIIKPYSKHYPLYSLNVASMWLKLGRLYMGLEHKAAGEKALKKAIAIMEVAHGKDHPYISEIKQEIESH	2.1.1.-; 2.1.1.354	3RIB;3S7B;3S7D;3S7F;3S7J;3TG4;3TG5;4O6F;4WUY;4YND;5ARF;5ARG;5KJK;5KJL;5KJM;5KJN;5V3H;5WCG;6CBX;6CBY;6MON;6N3G;
Q9UBM1	reviewed	PEMT_HUMAN	RHEA:32735 RHEA:32739 RHEA:11164 RHEA:46112	MTRLLGYVDPLDPSFVAAVITITFNPLYWNVVARWEHKTRKLSRAFGSPYLACYSLSVTILLLNFLRSHCFTQAMLSQPRMESLDTPAAYSLGLALLGLGVVLVLSSFFALGFAGTFLGDYFGILKEARVTVFPFNILDNPMYWGSTANYLGWAIMHASPTGLLLTVLVALTYIVALLYEEPFTAEIYRQKASGSHKRS	2.1.1.17; 2.1.1.71	
Q9UBP6	reviewed	TRMB_HUMAN	RHEA:42708 RHEA-COMP:10188 RHEA-COMP:10189 RHEA:60508 RHEA-COMP:15584 RHEA-COMP:15585 RHEA:60512 RHEA-COMP:15587 RHEA-COMP:15588	MAAETRNVAGAEAPPPQKRYYRQRAHSNPMADHTLRYPVKPEEMDWSELYPEFFAPLTQNQSHDDPKDKKEKRAQAQVEFADIGCGYGGLLVELSPLFPDTLILGLEIRVKVSDYVQDRIRALRAAPAGGFQNIACLRSNAMKHLPNFFYKGQLTKMFFLFPDPHFKRTKHKWRIISPTLLAEYAYVLRVGGLVYTITDVLELHDWMCTHFEEHPLFERVPLEDLSEDPVVGHLGTSTEEGKKVLRNGGKNFPAIFRRIQDPVLQAVTSQTSLPGH	2.1.1.-; 2.1.1.33	3CKK;7OGJ;7PL1;
Q9Y5N5	reviewed	N6MT1_HUMAN	RHEA:10024 RHEA-COMP:9845 RHEA-COMP:9846 RHEA:57452 RHEA-COMP:10207 RHEA-COMP:14895 RHEA:11684	MAGENFATPFHGHVGRGAFSDVYEPAEDTFLLLDALEAAAAELAGVEICLEVGSGSGVVSAFLASMIGPQALYMCTDINPEAAACTLETARCNKVHIQPVITDLVKGLLPRLTEKVDLLVFNPPYVVTPPQEVGSHGIEAAWAGGRNGREVMDRFFPLVPDLLSPRGLFYLVTIKENNPEEILKIMKTKGLQGTTALSRQAGQETLSVLKFTKS	2.1.1.-	6H1D;6H1E;6K0X;6KHS;6KMR;6KMS;6PED;
Q9Y6K1	reviewed	DNM3A_HUMAN	RHEA:13681 RHEA-COMP:11369 RHEA-COMP:11370 RHEA:66544 RHEA-COMP:10131 RHEA-COMP:10132	MPAMPSSGPGDTSSSAAEREEDRKDGEEQEEPRGKEERQEPSTTARKVGRPGRKRKHPPVESGDTPKDPAVISKSPSMAQDSGASELLPNGDLEKRSEPQPEEGSPAGGQKGGAPAEGEGAAETLPEASRAVENGCCTPKEGRGAPAEAGKEQKETNIESMKMEGSRGRLRGGLGWESSLRQRPMPRLTFQAGDPYYISKRKRDEWLARWKREAEKKAKVIAGMNAVEENQGPGESQKVEEASPPAVQQPTDPASPTVATTPEPVGSDAGDKNATKAGDDEPEYEDGRGFGIGELVWGKLRGFSWWPGRIVSWWMTGRSRAAEGTRWVMWFGDGKFSVVCVEKLMPLSSFCSAFHQATYNKQPMYRKAIYEVLQVASSRAGKLFPVCHDSDESDTAKAVEVQNKPMIEWALGGFQPSGPKGLEPPEEEKNPYKEVYTDMWVEPEAAAYAPPPPAKKPRKSTAEKPKVKEIIDERTRERLVYEVRQKCRNIEDICISCGSLNVTLEHPLFVGGMCQNCKNCFLECAYQYDDDGYQSYCTICCGGREVLMCGNNNCCRCFCVECVDLLVGPGAAQAAIKEDPWNCYMCGHKGTYGLLRRREDWPSRLQMFFANNHDQEFDPPKVYPPVPAEKRKPIRVLSLFDGIATGLLVLKDLGIQVDRYIASEVCEDSITVGMVRHQGKIMYVGDVRSVTQKHIQEWGPFDLVIGGSPCNDLSIVNPARKGLYEGTGRLFFEFYRLLHDARPKEGDDRPFFWLFENVVAMGVSDKRDISRFLESNPVMIDAKEVSAAHRARYFWGNLPGMNRPLASTVNDKLELQECLEHGRIAKFSKVRTITTRSNSIKQGKDQHFPVFMNEKEDILWCTEMERVFGFPVHYTDVSNMSRLARQRLLGRSWSVPVIRHLFAPLKEYFACV	2.1.1.-; 2.1.1.37	2QRV;3A1A;3A1B;3LLR;3SVM;4QBQ;4QBR;4QBS;4U7P;4U7T;5YX2;6BRR;6F57;6PA7;6W89;6W8B;6W8D;6W8J;
